d4f47857-eaeb-4d06-a331-5b9f21c3072a,ABACK
907cdf58-4c5c-407d-971e-8cd1a7270091,ABASE
49a307fb-325e-4e7e-bddb-7a39a893861e,ABATE
b5112ba0-b383-40cd-bfb5-ff85cfdeba6a,ABBEY
7d877eb6-3393-4ce3-abbb-4300ecf52606,ABBOT
0327c5a2-87d9-4a4b-8d29-c941eb760db5,ABHOR
563c0979-5114-4be9-85d1-1a637b9423e9,ABIDE
985a6e62-a027-47f9-b5cd-0108f9750e16,ABLED
06428051-0519-4f84-85fc-9d371b47432a,ABODE
b91ca389-539c-490e-b44a-a2fc80e289eb,ABORT
dbd021ce-351e-4077-afd0-5563392b1868,ABOUT
fc336c68-436a-4c93-9364-312c206d92e9,ABOVE
063ad6f5-1a32-4b45-b6a4-2366eaf0cc41,ABUSE
7ad24bca-494c-4d35-9791-2c064f4766e2,ABYSS
6fe726d8-b515-4eea-99ab-04a8a81dd025,ACORN
26df3ea2-02db-4c85-9174-cc558b81f550,ACRID
f62ac932-6096-4876-8257-a6060eed4fe7,ACTOR
39f85a7a-9b84-4aa1-9a44-d05ca68a5dd0,ACUTE
a9387713-d466-4df7-9cdf-c284ff41db41,ADAGE
63654175-dbe4-4253-8e95-f6c23d8a5a5e,ADAPT
67ee3b3a-ed34-4f2e-8565-829a7a5c30cd,ADEPT
18fae165-d83a-4c9a-8362-e1e2aa90d98e,ADMIN
710aa9a5-ae7e-4bda-8507-1f7ec5513dff,ADMIT
9937c180-7085-4466-bc62-b7f523f62208,ADOBE
d9624fd6-85ab-4be7-93ac-47d48d90c94f,ADOPT
0495cd40-bb30-4e63-acde-da5d54e57320,ADORE
f17c8c1a-ae82-4444-98d4-d55a26fcf50c,ADORN
ae8d0023-921b-49bf-b413-fa7d8473b216,ADULT
06a6a2a5-7d58-4faa-a98d-f14dc02c0b30,AFFIX
a6949dd9-cab1-4357-89bc-d13f58149e91,AFIRE
13fc59cc-2cb9-42a2-b1ea-97c747e63dec,AFOOT
60cc90a9-1f4f-4151-b393-c0442e88dd20,AFOUL
7d54e247-14c0-4825-95e7-c264bed3b6ab,AFTER
3d3e2ff0-1577-4f49-87a4-5dc3c1d0411b,AGAIN
745271e9-09a8-47ef-81f3-cae135644092,AGAPE
3ccb3228-d163-4b81-b6d4-d44e689f4662,AGATE
79ee25ac-b5c5-4c3e-afcc-6104aa41e6d7,AGENT
5a491bdf-1ec0-4736-905b-d5b263601c80,AGILE
7560d42e-1191-4d03-ba0d-fb97cdd57b24,AGING
ca76c44c-a5e7-41fe-b192-46d901d4ff86,AGLOW
82bca97c-0284-4dba-bffd-13f64be9b896,AGONY
cf1f29c0-740c-4710-a4ae-003f91a35ece,AGORA
e5250d16-0254-4e94-98de-364814af63ca,AGREE
50732a21-f6a5-40d6-9b84-89a7e2bd288f,AHEAD
58a1ceb5-ef47-4310-9949-d18a4bdc2175,AIDER
51dde0f6-520d-4547-a3a2-b03a05916854,AISLE
ee0f7e40-fc8d-4a4c-92ee-c360dd3325bc,ALARM
4c4fae8a-b800-48a6-8a7c-679275797dc5,ALBUM
bc72b3a3-15c1-4f15-b6b1-ae47de799b21,ALERT
d15a16cf-691d-431a-8157-528821b819a7,ALGAE
18cd6896-4dc3-4ebf-8298-eecda28bab0e,ALIBI
8d1d4d42-c9de-42d0-8774-f9a47e01498f,ALIEN
5b88396f-3f71-4865-8723-62165a27d6bf,ALIGN
edc011eb-62e4-40ca-bc43-32ac78c55aae,ALIKE
05d6ca22-e7c2-40be-b04b-3a1f5a4622d5,ALIVE
07dbde3f-aa70-462a-a777-2b12deafda6e,ALLAY
ab6ec9d3-c398-45db-b9b3-1114cdc34c9a,ALLEY
48275c0a-1756-48f2-b4ef-fa42e3ee9174,ALLOT
933b86b9-363b-43d5-a284-62767a1d006c,ALLOW
1f4c093e-07d3-4f22-a86a-a5d302848194,ALLOY
12f8c5cd-a8ec-4ac9-a6e0-3482bc85d655,ALOFT
1ec1b049-18e1-4516-8099-c97482357428,ALONE
c9779b9c-160f-4d87-8840-a57b9954b795,ALONG
f7549243-5efb-478b-b2ee-6fa8e9b3fbdd,ALOOF
0c8bbdf3-0250-4418-861f-7dc6672c3a93,ALOUD
27d16d35-6d1f-4458-8418-d0ca7f336c1a,ALPHA
3f372178-1e01-4d0a-9ad3-e8f367b1b992,ALTAR
35ea86f0-2d8a-4b79-8985-87e85db35532,ALTER
5f9d2dbe-5655-4ed3-9854-888e411a8a44,AMASS
6645dd46-c16c-4377-8194-6a280e80a322,AMAZE
87406a60-bbd9-4a3c-b1bd-d86027df9c1a,AMBER
ed1402e1-4931-47f1-a42d-287cc23d1c27,AMBLE
f4ffb641-c66f-4863-83bf-34ce9119111b,AMEND
a198d857-9cf4-4e0e-87a1-247ae6b357ec,AMISS
ca5a6345-2f10-4271-b980-05aa50524758,AMITY
cd758ef2-1232-4799-878e-ac601768606a,AMONG
be7c7fec-1d8f-4afc-a4b3-bb08e994e033,AMPLE
53933e04-de58-4952-9275-d2022a1cb77c,AMPLY
7acff6c4-c5f2-4592-8ff4-4ad2b9b46054,AMUSE
0b09b9a2-2996-4fe0-9688-6e6bd106c5ea,ANGEL
ff010a15-ad1c-409e-baf5-49be9f0d9c71,ANGER
a119e0d7-79d5-4750-94fb-85d71dc57ccb,ANGLE
2ae35c0e-90cd-40c3-b543-6d815e7e0a5c,ANGRY
56b3cfa7-5e55-4164-8049-0f045b8b94d6,ANGST
e56829e7-1d32-42c4-ae26-ef6d8f4905f8,ANIME
fb927680-d494-4e65-ae78-c4df3092b41c,ANKLE
ef8321f1-50e9-4780-9fce-a6af26d206bd,ANNEX
2cf0f729-3218-4c86-a103-0ca1ab31eaa0,ANNOY
7773ed9b-a0a5-4267-a79c-ba108eab083c,ANNUL
511b225e-fb68-4312-8e2d-f59cd224d651,ANODE
58dd8384-52f9-4ae3-b761-72bffe0eeebe,ANTIC
aad4a60e-0530-4970-a826-3f665271786e,ANVIL
cf01fd98-9ebf-4363-8f89-6448896939ac,AORTA
360c761b-f2a7-4b95-a094-9c06ece9a0cf,APART
6e5b3db6-1c9c-4bf4-ae40-c733cfe8c3fc,APHID
a14b8a97-44dd-4e0f-ae2c-42c5fedcb481,APING
a47b872d-a38a-4515-9cbf-5137ed25f44a,APNEA
f7ea2671-7dc4-4e91-b174-d27108c1c31f,APPLE
821ae0b5-8a25-4373-b9c2-ea2ea0aabc9f,APPLY
8e468dfd-3e7e-49e5-86ee-335e8d4913f6,APRON
17be863e-b515-4d96-ab63-e25572188fef,APTLY
b60bfed5-680b-480d-a98c-ff9a8f6d82fc,ARBOR
3bfbe8b9-3152-4695-b464-00e89a2b7ca6,ARDOR
9752c89e-e3bf-4591-9501-5ab06ad5e748,ARENA
7f3459c6-82af-41e7-a334-832b6c51d6a8,ARGUE
4311427d-4b06-4b08-9fd9-b3a9691f26a5,ARISE
89b96c4e-44ad-45c2-9f1e-95dc97ada766,ARMOR
de02d158-5986-4ff2-afaa-639fa79c242c,AROMA
1cf9b5f4-e222-45ba-8f70-31f55bdaf5d5,AROSE
b6ee46e3-30d5-4c61-9e67-d5a9ac784a76,ARRAY
442ad7ac-0a4e-4946-af6b-33e531ee1cd8,ARROW
6fedee6f-950a-4cd7-ad87-7bc410c27d0b,ARSON
06b425ad-abd9-41ee-8d29-ec670211f823,ARTSY
a447c584-69e6-4792-bb52-c2ea81866be2,ASCOT
3b5459f7-bf4c-4f0b-8338-cd9473ed3654,ASHEN
1be13276-207f-4b6b-af22-d7b46313691d,ASIDE
f14868b6-d412-4a2e-bc08-364759d8d72d,ASKEW
8b9b2721-8e18-442b-81d8-4e7d698056ba,ASSAY
b34e99ed-55d9-4ad1-92c6-3034ed350778,ASSET
669931fe-9cba-4a86-b862-c016f0ef479d,ATOLL
e0e66c8b-a9ad-4181-b4d6-a4efae5be380,ATONE
cbb79c61-38a3-444c-a438-cc372700e443,ATTIC
e4b4ad03-07ae-417d-8e93-22498e7b884c,AUDIO
ce3e93d7-f398-4cc8-8597-3b3cf237f99c,AUDIT
c995ba0a-9dd9-4df3-97c5-3f1430bfced2,AUGUR
fc2b03f7-d73c-4444-b85e-644b441383b7,AUNTY
c62041d2-6653-4de0-8210-a44b140a0434,AVAIL
9535b583-2bee-4f84-877f-5c49e106f86b,AVERT
0c79cea7-2366-4a60-8a67-abf1e47c9867,AVIAN
d036d1a9-259e-47c7-aa0f-2ea5347280b6,AVOID
3d9ebffb-2b63-4019-b800-4f0e49fa7f72,AWAIT
573014e2-f4e1-40d5-ab21-7c87f2b58760,AWAKE
420c8c18-579d-497d-9b93-e24cd4ad2122,AWARD
b1c7f6de-b6a1-4c1d-b163-56d797887147,AWARE
ebc76d9b-62b8-4da3-ac9a-e3d23fe3440d,AWASH
f05724a0-ca4b-44ee-bb5a-4e6dbef468e3,AWFUL
78b02c6e-dfe5-4c7b-8665-b0825d2854ca,AWOKE
33162349-2627-458d-b2a7-96c0819756e1,AXIAL
5a79192f-339f-4aea-9c22-7c2e698d8430,AXIOM
6aeb638f-2c10-4aca-a204-a9b8a5e88c9c,AXION
03dcbd95-8c58-4d45-a1b0-aa061110a887,AZURE
7d8ee968-f572-420f-bf9c-9654ab451f7a,BACON
034c98e9-ca06-4172-b21b-d7c532c6e1a9,BADGE
45a91dd4-b7bd-440b-bc74-e9495b08c434,BADLY
79c8d109-2207-436d-bc5a-cec43d6e7095,BAGEL
d798dfd9-b0ad-4993-b53e-784b71bef940,BAGGY
b0589fcf-e7ad-46f6-b15a-2d8b5f6e231e,BAKER
142ef714-1e94-4432-84c4-b64cc1211d40,BALER
0c66af0e-5b27-47c9-bef6-ea0131fdf14a,BALMY
e8d8c7d7-71ee-4bcd-a0d5-68b500162134,BANAL
cac2de5f-3085-4711-92cd-09b34ad7a8af,BANJO
0e8bd86d-97b1-45b4-87a0-42303d7907d9,BARGE
bff297ed-b99a-4a37-8078-f247f29848ab,BARON
750a126d-2e8e-4657-a170-b86557964f39,BASAL
bf90d1fe-a060-41fc-96ed-e6b5b5381c71,BASIC
1c374925-4444-4a04-a657-db72690be959,BASIL
0dae1ba0-79fa-4f0b-9a94-d9a33980868a,BASIN
f8eb4bd4-eaf4-4241-bcf2-c078a48166e4,BASIS
bccbd58a-c5a6-43f6-9cc2-ebc7b9f4f1ae,BASTE
2cd9fc83-6696-4081-93e6-1b269e0a3f9d,BATCH
240968ec-af52-407f-8f73-59c01af90ba9,BATHE
3c9d5fac-3e5b-4c31-86bd-382b02789229,BATON
299db562-4c2f-4ec1-9a67-ae6fc115a846,BATTY
ba2b2db0-de53-4c5f-ad37-d39c796f8941,BAWDY
90c61092-90c2-48e5-8ab5-0e80172b6433,BAYOU
908cac49-6d06-4513-b9b4-f4194c312d94,BEACH
aecc6e53-e47b-4e48-a266-193f16d8732a,BEADY
1b6e0932-8447-49cd-8229-78b501e3115c,BEARD
15759e98-ade4-4000-a5fa-88be1bf0e5ad,BEAST
04be756b-710e-412f-8ab1-60b4e44fabd9,BEECH
343a2442-fbc9-462b-b5a5-f998adb08d3b,BEEFY
47119eec-c980-4382-b38d-625252ce786e,BEFIT
2f4eb2ba-cfd2-4982-a28e-9ebfed0d6918,BEGAN
a8808fff-1290-4cdc-8942-074ce0c27135,BEGAT
3b59a97e-4480-4d0d-93c3-7463e0c62ee9,BEGET
13b23ab3-4fb3-4665-a4a0-12017165f794,BEGIN
34b436c8-f0ab-41ce-a67d-84e55c5d2243,BEGUN
fc3f3b85-d479-4c04-b6cd-6c9842ea0e41,BEING
12845d27-f907-4822-b69e-d2a050c5cade,BELCH
eebb552a-04e0-4730-b352-6ab2ae53e2b3,BELIE
531cef7b-28e1-4867-839c-ffbb08b77883,BELLE
66b54696-d0a4-4590-a91c-eeb8c278e292,BELLY
2a2eac58-38a6-45f2-88c5-31aa057de67a,BELOW
ad4a3a21-8d9c-44be-8367-650d46bb436c,BENCH
d8f72d50-ed34-4f68-8945-9a632e3d38ce,BERET
fd4873f0-30c6-4ba9-9861-eeb5d4fb6f20,BERRY
c69dfe6d-d80a-454c-bb38-4da948f3a0e4,BERTH
7621e331-e57c-4dcf-98e2-7478bb99bc78,BESET
41cbb6c5-4ea5-483e-ac5a-6cebccae75e5,BETEL
5b4a2613-b077-4e7e-bedb-beb1d92023da,BEVEL
f2bad6b1-52b5-458f-aa7d-64c49537c16a,BEZEL
bc7f3d9b-ea72-4063-8e76-1b15739da9f9,BIBLE
14e31020-d3f5-416c-aabf-a64b7bb68173,BICEP
19687a9c-0d9a-47bc-9608-3b7fee3a86ae,BIDDY
a6d8c920-54f4-4dcc-8449-0934a135e976,BIGOT
222b7925-5dd7-4629-b848-6d03f3605c02,BILGE
8d829bb0-ba56-4d3a-9843-717b71d489db,BILLY
7595ba0c-c492-4527-ae07-c62e54791d24,BINGE
7a4fc78a-7b38-4186-8469-a7622f7884cc,BINGO
d2af021d-8e6f-4108-a052-23fe51f02ef0,BIOME
a2592c3c-f039-4410-875b-d8c786a0b042,BIRCH
5c9abb26-27eb-4b66-92c9-f3a5d782d249,BIRTH
9566e650-fd72-486f-b7cd-37edeae9de7f,BISON
a2e24020-2954-4bb2-bb1d-44015584922d,BITTY
58464fc3-707c-4e1f-ac05-d3b48d7d6ce1,BLACK
00cf42d9-c9a5-48e5-9383-ff87d21de672,BLADE
6b54aba0-6171-407c-bcda-2fa2004dfe69,BLAME
0c62ad40-c1d3-442c-8230-d52ce0d8815c,BLAND
5a41ff53-7bc5-45a6-b868-2d70a0894d61,BLANK
c58ef1db-55dc-4fea-9c13-e62b8acff237,BLARE
0b96caee-1f2e-4ed5-8a8a-17797f71aada,BLAST
f257388a-d4dd-4007-ac00-47a081d1b57d,BLAZE
cbea71b7-f864-4fea-a8f5-0e75f78de51d,BLEAK
9abd964e-8c27-47c6-ad60-d6e14ff9297f,BLEAT
b6629384-382f-4928-92eb-0c722d3a31c3,BLEED
a23c8220-3288-417c-ba8d-a80db30cdf2f,BLEEP
ca09d14e-6c48-4d3b-a56e-39fbc999df7f,BLEND
57945cf0-02cc-4b87-8a49-0ecb4cc675cc,BLESS
4805bdeb-a3cd-4674-a4a8-3d7ef273e6bc,BLIMP
798e8982-2c3f-4633-a463-17b0f26712ce,BLIND
8862cff8-9fda-4ccb-94e9-a5f0e4f64a53,BLINK
c44ba784-e0c6-463c-a2d4-1ac3e92ae014,BLISS
a8c8659b-f295-4a88-89bc-41fe8a37266e,BLITZ
1c7179f4-2220-43a5-9785-06f751ca6b2a,BLOAT
d9c944c7-3b76-4ea3-b743-e8b3808eb3ac,BLOCK
d14e5687-6b0b-4bcd-974c-7585247dde3b,BLOKE
2bd5b2c1-6077-4b33-b708-8b9f158a9674,BLOND
7da9f1d8-24f5-4380-ac6d-a163646a9eef,BLOOD
08dadd8a-fdbf-443a-adff-44e3a1991449,BLOOM
d5d06467-9151-4888-9188-f77297f06cf9,BLOWN
0bf26e01-5db2-4fb0-94a3-9b63e0efa591,BLUER
82086889-af1b-4586-b511-97dfa552156a,BLUFF
7bf5b35d-2cb7-4f2d-bf1c-daab97dad1c3,BLUNT
e87e4c65-e7f6-4e2d-a715-ad8de12033f8,BLURB
333887a6-ada2-4d37-959a-d906503154e4,BLURT
16bd9e41-9fdb-4232-aa62-30ce51cd314a,BLUSH
d4e4ef13-b52a-4f68-ba05-b4fd28921aaf,BOARD
76b20974-fa31-42a7-b886-dacabca16c42,BOAST
2417a124-7b6f-49bc-9601-c0e0a7ef1376,BOBBY
303cfc98-082d-446c-89b2-2b97c3de9d19,BONEY
fc0c944d-e1fc-4078-abfa-7d58b5ae9c84,BONGO
4714120f-3f8b-456e-9af0-a0d3f63c43cd,BONUS
763e790f-010f-4d92-973d-5a8ff43e5ec4,BOOBY
65ceff02-58cd-4663-ab42-08f82f348489,BOOST
fb0f89e1-ba3a-47d1-a801-5a4b39f80773,BOOTH
21003981-be79-49d3-a509-6c0db9c1531d,BOOTY
0d25b7a2-b36a-4350-ba53-6d5746f0eb99,BOOZE
c26be0df-a5b0-4c93-9791-0e526b3624d0,BOOZY
e8ba5a64-2edc-44cf-b368-2d74366d1453,BORAX
c0e5d36a-b520-4de1-8bff-4224087c9ca8,BORNE
38136949-d1c4-494f-80b1-c9a5987b0b43,BOSOM
d71e817e-6594-4137-b435-e41f3f8f3a5d,BOSSY
b4be5e79-e623-467d-8c37-22aba0d93527,BOTCH
680518b2-7baf-4a79-ace1-1c51d960464c,BOUGH
f6bde91c-6fdf-46a7-bae3-74d633f79ce8,BOULE
602bebc3-a709-4365-8b45-c011ed423add,BOUND
ca83f616-a3d7-4f0a-8999-d8c8ff37c29b,BOWEL
8e9d47ce-0923-4014-865d-98428e1f3ce3,BOXER
c95cf904-0acf-4896-9e6d-293927b672c1,BRACE
c66d377a-bc3e-4015-9644-bfc88826d659,BRAID
f78272e8-3bbb-449f-9a8d-fe7c285c8a37,BRAIN
74423638-184b-4aba-b091-df5f428558aa,BRAKE
9e484e80-f849-4a35-a8d4-aa952a69996c,BRAND
999a5688-f306-4b81-a1f1-f41b22ad4246,BRASH
821f58f5-f592-40a6-a497-ac1a3099e58c,BRASS
2f7175ca-dad1-4201-8fd4-cbe4a8489477,BRAVE
40b7853d-9db6-42fb-b0b5-81aa0d40ec79,BRAVO
13b15e17-6b53-4167-aa0d-51947ba207f3,BRAWL
47a914a9-c54c-40cb-a0be-e85e78de3110,BRAWN
d991718c-3640-4d43-bac2-17f870207b85,BREAD
3fc044d3-6234-419a-ad39-09a56f565d18,BREAK
8a18b928-065e-4dfa-9434-0ddf77ce0700,BREED
afa6b14b-e6d3-4315-88af-0fc8ebf769aa,BRIAR
5e669d76-5365-490f-bc98-1c28ae616eb3,BRIBE
084dc724-d66e-4c08-93ca-973f409174ec,BRICK
400e6ca9-fa6e-46d4-af78-68ab1f8b4d85,BRIDE
b3d21379-0e90-44aa-a47a-93faf9b99d14,BRIEF
0120c396-d4e0-4a10-aaf2-cf02bbed91ef,BRINE
741509dc-2ac9-43c7-a3aa-f74fb2f8ee0a,BRING
d279c3be-9b97-4e8d-ad00-df95bb29f43a,BRINK
e95f1bbe-c3ee-435a-a480-7cea2c30e797,BRINY
8d22cb45-d724-4e37-815b-e5cd38cc863b,BRISK
74626863-a9de-482f-8741-3e1ed4b09461,BROAD
cf95c325-a0b1-4884-b7ce-e1dbb1e63823,BROIL
26d47642-75f9-40e2-98b1-42197d3270d2,BROKE
c6dea5f5-6526-484a-8392-b250c5255ac5,BROOD
9ac58b84-002c-4e23-8055-580b776ebae1,BROOK
57cc0f49-4e70-49aa-80d8-f0f240a34da3,BROOM
e233ab19-36ce-47b7-86f3-a8836dbe31f8,BROTH
773213ec-e6aa-40f7-92d0-97848b15fa5a,BROWN
8d459388-2160-4f62-84dc-0b6647eeabc2,BRUNT
554e614a-e077-45b8-967a-1e73bfe52d5f,BRUSH
60a2396e-fa1e-4766-bd51-0f3c2cd837e3,BRUTE
3d0b1c6c-b3ca-4933-aadf-23684ceb8a89,BUDDY
d636bd47-f4b9-4783-bfe2-cd938173964d,BUDGE
13800594-d97d-47ba-a3a1-bb231febac85,BUGGY
6d8588a5-b4ec-4566-845d-12da2471e166,BUGLE
0fc5ddb8-9c12-4871-9756-2779d512ab3c,BUILD
8e7b4462-9b6f-4f41-b935-6337ea33f6bd,BUILT
2b7b6b71-807a-4758-9a1a-630a0851fe45,BULGE
2eaf8a64-8d83-40b8-8d8d-3ce36fafaff4,BULKY
d24d2a67-d6e8-4511-8b87-cb3522f47b1e,BULLY
6dc3a900-9ba0-48b0-9eaf-b23e470cb986,BUNCH
422aab68-40bb-45eb-9286-ad5eb2c5468a,BUNNY
e98f93ce-f17e-4ba4-bfe0-9e9ff1d41ba4,BURLY
1cbef6c5-e2ac-449c-b9b0-d2e70fd5fbc5,BURNT
a18fec53-f2ad-42c0-b7fa-97d7ed7780f0,BURST
59635e72-a3ac-4ef1-b747-e405cc7973a6,BUSED
3a277174-3547-4030-8fb6-7cebea82e4af,BUSHY
284dd540-3c7a-4ae5-9068-dfc28093f212,BUTCH
6b025cfa-51b9-4151-a87a-ac3cb26b03cc,BUTTE
c85c3584-34c4-4793-ab30-dc0052608f2f,BUXOM
63786a95-a52a-4a9a-bd74-41fac583fcc6,BUYER
021946ce-934a-48da-b369-5679abc6bce6,BYLAW
cde2b03b-4fc5-45ea-b8dd-3eb410426f25,CABAL
9109a1fb-828c-48ce-a6cf-fd91608ffd8b,CABBY
5ad6abee-5a28-4849-bffb-13c0f69b148a,CABIN
0c434227-500d-4177-8f47-309290f23857,CABLE
f65a1df6-9542-4596-9250-302adae6bf5f,CACAO
59cc923e-9cb8-4bb0-83e4-4bccdcfe3c3d,CACHE
9e226361-6cbc-4a8a-af7b-7c637bae0d0d,CACTI
aa8ef253-feee-4c04-8df5-ec9ca641f173,CADDY
2ff21c97-5918-4600-9d90-0d7d49b3647b,CADET
4c596c66-a0c2-449c-bae4-8d5ce815f73a,CAGEY
65a4a554-2a7a-49b2-8de7-5de784faffa3,CAIRN
9b48de88-8de3-450f-b949-fd1a28019404,CAMEL
79528cef-7626-48b3-924f-774b56c9b80f,CAMEO
b0517141-da65-4fa4-b3fc-982b0698653f,CANAL
e9972e98-d207-4caa-8d3c-be1989f1b4de,CANDY
6801e770-cc93-467a-8236-6db256df044a,CANNY
fb218593-b010-48e4-8474-1405ea8909e6,CANOE
dabb3b07-30ca-44a4-8c4b-c8fef14f4ebd,CANON
e9a8028a-dd3f-4198-847b-f8d6e46cb1cf,CAPER
693136a1-f2c9-49a1-941e-e7bb80f4456c,CAPUT
3afdb0c9-5f75-4ba2-8de5-c8bbccce6497,CARAT
035c64b3-11e1-465a-a30d-bd98bf65dc6e,CARGO
f562f12f-679f-4b2f-8724-7a81f89d4251,CAROL
2cc25c63-1b42-4630-b10e-7f86accd5fe7,CARRY
d7b7be6e-a6dc-48fc-b7f7-1bfff3dacac6,CARVE
2ab417cf-fcc3-4176-acb6-265f006d3b59,CASTE
10ca2485-f245-415b-8cdd-5437cd38d949,CATCH
1868de7f-5c29-4cc3-acda-d1057cb43b1b,CATER
5cbe33d8-6e18-496d-9adb-15dcf4631a21,CATTY
3a9f7b6e-206c-4e99-a39f-401339bdf089,CAULK
1616df16-e238-4783-816f-4dbb0cfdac14,CAUSE
a62a1764-12ae-4876-aa15-01dc68fd6606,CAVIL
64dc3cb5-4c08-4c0a-8e6d-e20a42cb4a13,CEASE
df61fdf8-8c8b-4583-81f9-d7eac058d3d8,CEDAR
46377b88-16c1-4045-ae12-38c6b8d98280,CELLO
96a490b8-3cae-4639-acd6-9e799a7cffd1,CHAFE
4f63c66a-bd42-4e62-9ccf-4c19d2f47f13,CHAFF
9c26426f-e48d-40e3-a449-cb34e78231dc,CHAIN
2e7bd5d0-9ce9-4438-8b8e-61bc6f69acc2,CHAIR
55c5b459-7506-496b-9eca-9f902bdd4a6a,CHALK
c123a53e-7b48-4caf-b5e2-1f29d7f63fd9,CHAMP
eb20ded7-f785-4e17-8a29-7c1bae9a2a63,CHANT
93430752-4c00-448d-a6c0-155ad586acd5,CHAOS
619d30c8-09ba-4c2c-b6e5-7b54597b3461,CHARD
088dd28a-96bc-43a4-8753-ef464fd0aa19,CHARM
f70629bc-3fff-46d3-8df9-b9cc03fbf5b7,CHART
8d04f0b1-1ea1-487b-9770-af6d1d54d18d,CHASE
98475dab-63a5-4ce8-949a-47fed9b7a59f,CHASM
77faf565-b80c-459b-a5d5-a8400be24b6a,CHEAP
c4cd7373-ed59-4606-a6eb-a61ee4192dca,CHEAT
8ad8dbf0-3737-42ce-bf9e-94cf4fc394c1,CHECK
90f4bfa1-6f68-4f62-8e85-0589600f97d9,CHEEK
9499a086-ff58-43cf-b7bf-7010f04e3ac3,CHEER
2425540a-608c-4243-a9ae-239936376bfa,CHESS
8f384be5-8979-46d0-bcf3-1d678f1d2980,CHEST
2be49ad2-6e57-4343-8d41-d6e21637c111,CHICK
2cfa83c1-4105-405a-be22-664c51ef7841,CHIDE
dce475cd-1a36-4350-94ac-6bd2accad729,CHIEF
e7aa78e8-6c77-44de-a270-bbb272ab777d,CHILD
5e5e43a8-a99c-47c2-8f3e-88505c52073a,CHILI
c83d3730-22c4-4b2a-9dc5-feb82b7bb3b9,CHILL
47100202-9a7a-4bee-aed5-02368b4e0705,CHIME
6be4be84-45e0-48d5-840d-26a3f5237bd4,CHINA
1b5be8ba-38d8-4039-992f-aab6ae80ded6,CHIRP
0befdaf3-4c59-4387-9a92-501f22c2e08e,CHOCK
8721417f-9ca9-43ce-8275-0291f1893575,CHOIR
5e5c1dbe-caa3-4637-ac8c-926e90a58137,CHOKE
b1728eca-390a-461f-860e-a3ab0e59d423,CHORD
2761ed5d-33ef-4d04-b222-40ad75bd7020,CHORE
afd2125f-3b36-4777-b6cf-1bdf3e6d2884,CHOSE
2b9a4d62-9db8-47cc-b6be-a437ccf33eb0,CHUCK
2cf797d9-81dd-463e-934e-df1ef2ec64dd,CHUMP
8159e0ba-5bb0-46d4-8ef8-3c6d1dcdcbc4,CHUNK
f4aa72cf-11c3-42e3-bd38-788fd3853c76,CHURN
39ea05dd-7c6d-4c0f-a719-e168d6258876,CHUTE
e65068e0-101a-4118-9193-554df26ae483,CIDER
ea272ac7-6bc2-423e-9d91-03406368d8cd,CIGAR
8935dd35-1c7f-4834-9374-4a926dab0800,CINCH
995ba0c3-297c-4b3f-bb78-7213bb3de486,CIRCA
b255342b-0692-4a17-b0ff-af08d7d0e16e,CIVIC
9c805624-742f-4250-8546-494f9c8e9415,CIVIL
ac6717dd-5280-4449-aa6f-47785253769c,CLACK
43b14c79-32e0-4f3f-94af-9bbb319395df,CLAIM
ff7aeecd-63a4-48cf-9fd6-69bc53f8b0ed,CLAMP
d1c65fc2-5e09-4be6-8414-553da3f96a70,CLANG
df1e93c1-ef6c-41bf-8870-49b1eb7bd6b3,CLANK
ee734d72-c804-4559-b263-88e5230cc7a6,CLASH
8b169c6f-1589-45bf-8ca1-622e106a1964,CLASP
e4534586-20a5-4393-b259-2f786e19248f,CLASS
586967ce-ab9e-4750-bab1-12ad93e5376c,CLEAN
85ee25e0-b9db-4af9-a18b-6706ce240b16,CLEAR
88ad02b1-a8e1-4262-8af8-ae1ee36d4594,CLEAT
3a9114e6-b24c-4105-bd38-73fdcbe6bab3,CLEFT
84cfe384-5df6-4dff-8bad-d35099fccd98,CLERK
26e2e6c5-637c-4442-a853-a1c5a2ebd688,CLICK
266f2904-2e27-44cf-91f5-b9e3cd10aade,CLIFF
47c78629-69de-414f-a03b-1194e4cbd1ab,CLIMB
5afa0d65-f10b-4195-b0e6-08fec66d7822,CLING
2ac96f4b-cfe5-48ba-be85-bb7bc35563b9,CLINK
cf1a4c54-67e9-46dc-b9ab-6d11adfdd15f,CLOAK
583d3cb9-fe73-4c18-8a0b-62da193b05b4,CLOCK
4ed10633-99f8-4107-b3dd-3e274fe685df,CLONE
8a9e8176-c61d-481e-b79f-78d9d5d40987,CLOSE
94e70894-c246-425b-9250-6d26676ed3c4,CLOTH
cd6f06cd-451b-4c6f-ae78-93d62db411dd,CLOUD
543a9b47-76b1-4aa1-aeba-3097f6bf2869,CLOUT
f8cf708d-22a1-41cb-b388-712468be1c40,CLOVE
7b374330-e523-448f-bba5-956178eb8fa8,CLOWN
8ea2a0f5-03fd-4c2f-a467-7f625bf713b1,CLUCK
f266d9ae-8f89-4e78-b775-d71fa3d59b00,CLUED
b67a3f05-c2e9-44a6-be01-b4192f8514c0,CLUMP
32cf80b3-2107-4d13-8ebb-14f74cff47a5,CLUNG
c990f884-be16-45af-86e9-328260e633f1,COACH
e2c3884a-fba1-49af-b85c-7f3d6d433b2b,COAST
83e77d9a-5b50-459a-a332-671e2b739c84,COBRA
e345cacf-25ba-4f09-b8e8-ec9c8d1ed342,COCOA
26013da9-8b18-4fb0-acf8-93417b238078,COLON
65f0a875-ab60-461f-bff7-f623490a0106,COLOR
11dd5639-797a-4b9c-9f3a-3c05369029b2,COMET
05c6d624-7a00-4eeb-9a37-3e1d0e341738,COMFY
cae2c26d-1485-409e-8c77-e07ad15410a6,COMIC
f735ff9f-e8f3-4623-a2aa-b11904ea1448,COMMA
e6daec9e-e298-413e-ae30-97acab6b5f0a,CONCH
8029b38c-dc6d-4faa-932b-876b987d64c5,CONDO
d664bdf9-3f21-48ce-93ad-fb4c878f6717,CONIC
c3a43bd8-f4e0-4a58-960c-970565aeade2,COPSE
0224b319-d9fe-4108-8ad8-cd8af5426de1,CORAL
bd0fc431-ce1a-458e-9e22-0a3d57dc83af,CORER
92efa040-35f4-41fe-adff-61279f6bb660,CORNY
d4aaa0ec-e5e3-4dd3-903d-0df276d43012,COUCH
aad35a99-e966-48ee-a87f-6265192226ce,COUGH
162210fb-6fb0-40f0-bf78-19f16b0e4103,COULD
4f3b4472-e1dc-4db5-8958-6ce88b1d7e11,COUNT
5c4e7ef1-6eff-43d6-b99e-dad310521d46,COUPE
865ba6dd-bc95-4fb7-99c6-e54cdad68969,COURT
8fd61d15-3389-4a9c-b771-f1cdb35456d7,COVEN
eaee24e3-fc35-4da7-b75d-4d00a8a97a47,COVER
9d1fbb40-ca47-43d0-90e4-cb89e50adaa2,COVET
57dcbe00-cbfc-4f40-a3ba-a40c91602369,COVEY
ea730c98-fcac-474b-b87b-f1b765afaaf6,COWER
3d265997-faa8-4280-a0b3-9cdeaadd136c,COYLY
c898fd52-2ab5-4f6f-924c-b04f1f183a29,CRACK
125baef2-decf-4062-b0c7-d6c806d670d1,CRAFT
cfe91655-c3ad-4c81-8abe-bf353e6ffe50,CRAMP
92cc3638-131a-44a6-ab8e-71e4e3dfd1a4,CRANE
645dbde3-aa9a-4afa-9ce3-fca3feda9ad8,CRANK
3f17e77d-2824-4725-a612-6d1100a12bd5,CRASH
a75e1f47-b8ff-4fa2-8072-df8537f4e598,CRASS
de2f2849-55b1-45cd-a28d-527b96602837,CRATE
f3a675dc-44ac-4496-80fb-b5f13b5ce435,CRAVE
cf46c6a4-2f95-46cc-abe4-dd2ca8cd8693,CRAWL
d7a10dc8-efaf-4988-9591-fe20dd182772,CRAZE
cfed4af2-c933-4072-a334-6f9216b9e4e7,CRAZY
e0332440-c44b-459e-a124-0ba2eb6a5459,CREAK
3df754c6-956f-42a1-97e8-0ae601fa8599,CREAM
37e5eb67-7542-4fd7-9ba1-cc09c51b8399,CREDO
0149324f-bd1e-483d-948e-6f4eb0a86156,CREED
b351dc42-4a84-4125-9f14-89545a767918,CREEK
b82d2a30-3b84-4f94-b849-9cfe1a43691a,CREEP
e1e6e468-a9f9-4f02-b8fa-32bf6c8adc26,CREME
71247317-238f-4f0a-bcc3-5459c86c67a0,CREPE
b0e55634-3e55-463e-ad39-44ea2bf790e8,CREPT
ead7183f-457f-409e-ac6e-d5ca06227622,CRESS
d8642f5b-0ba2-4eb6-a15f-91606d877056,CREST
15a2e51c-d2c1-4f31-985e-dcdfcd08b345,CRICK
993ade20-d37d-47d1-a6a7-4f6ddbd75bc5,CRIED
cdac3a8a-38e6-49fb-a89a-bfdb175dc512,CRIER
ba9172e4-5a1f-4f2d-9e92-8381510aebf3,CRIME
1ec8ce89-4576-40b0-89d9-8d161e8c1779,CRIMP
54322c1d-43ce-4bca-9732-405b20f3d186,CRISP
d5862c1c-be22-4063-bb3f-6d57de220df5,CROAK
dc7732c7-f4a4-47ec-94e4-38bd94b81832,CROCK
5fb55e75-b3df-4eba-b7bc-988fb171f25e,CRONE
0d5b34ff-0a25-4311-b3e4-04c106073c49,CRONY
dec5d76c-0cb0-447a-9263-48e87a709d0b,CROOK
128db3a8-1f0c-4262-b3b9-88d0b801fdae,CROSS
70dda6a5-b254-4653-98dc-58187868ad61,CROUP
e739f225-9db5-4c71-9512-4a8283918c35,CROWD
63c275ec-71ff-4924-8a03-e7c4b431c233,CROWN
4af1c577-aaad-4bfc-b130-62a4a7eddef3,CRUDE
c18a48b8-9bc9-4296-8495-a2b3c933001e,CRUEL
ca5d7af4-4d70-4db8-951a-4d183a5dcfe3,CRUMB
252e9366-2605-4730-a92a-46a3d2c27c34,CRUMP
62103511-b4e7-44ea-86e7-ca61c295c892,CRUSH
34781b44-430c-489c-8019-0d807cdae10a,CRUST
f794436b-9bd4-4ab8-98cb-35e16556a3ae,CRYPT
2b58c2c8-5aac-4d09-82c8-ea163839cdc6,CUBIC
36d5255a-1336-4962-aeba-30b40a15529f,CUMIN
ae009fa2-e614-4246-a1ac-2e366ce7323f,CURIO
491d0c8a-1e36-4547-a8e0-aea1b3335bca,CURLY
ebc97756-73d9-458e-8003-68ba146cb9a3,CURRY
b096f25e-33e0-4db4-b02a-194fb6f6068b,CURSE
c0c60260-8df3-48d0-a16c-d6f9f4fb2ecf,CURVE
cff86264-8c4f-4e4b-b9a2-c14beab2aefc,CURVY
d854d579-612f-458b-bd95-6bfbc88d009a,CUTIE
b1483c8f-7759-47fc-9704-aa0e4c23a234,CYBER
543c680d-933e-4bac-a831-d55eeb05cfc7,CYCLE
a9c79384-b7b3-46e1-8779-56225b97b8ca,CYNIC
3165e911-319a-4821-b657-78943434453f,DADDY
b3dc66e2-1f6b-48ea-bb7d-290adef9e845,DAILY
b08a10dc-3c3a-468c-9c84-f9a2744e5539,DAIRY
62f64a08-0c25-4d7c-b201-489e41fdfe5f,DAISY
28e1d249-e4dd-4366-8bd1-71ad21a72aca,DALLY
43c0f7e1-ca6c-485d-bd82-8d9bb434f085,DANCE
6b7a5082-fe89-49cb-98e4-e6f471bfc82f,DANDY
1840e95c-d5b4-4f67-98ca-1d6ed066585f,DATUM
9c486a59-c528-4f2a-b9fc-d2916d230460,DAUNT
2ef27974-e32e-4792-b76b-f44b2985ee6a,DEALT
54a0d771-b289-46e6-a6be-e1b1c9633726,DEATH
f8e83f5e-35d4-4902-8291-a2716e0afcda,DEBAR
d418f44d-0560-49e0-9fa4-b42c1a81cc55,DEBIT
d0dea0f5-db58-46e1-bccd-edb9e9854d26,DEBUG
ff563971-d037-4b3a-b858-8e22aca2e381,DEBUT
94badf47-7f0f-4319-9ea8-1991b1622b04,DECAL
36edf3ec-4a91-4c68-a90d-22fda48f81cb,DECAY
1134c915-bde8-48ff-ab3b-5d8841883610,DECOR
93d9b112-46b8-47c3-a586-83d8398bf8ad,DECOY
7e032e23-425c-443c-ab7e-8b7b0ce70b3b,DECRY
934f9d4c-203d-4ceb-b954-c9ec0ad59ac2,DEFER
b3411797-3921-4bdd-b856-c760e2e590e8,DEIGN
aa849ec9-ef13-4605-90aa-d8db46261c9e,DEITY
fc96fb5e-1711-4eb0-ade8-fcfbb3ea490a,DELAY
f52fb2e0-6059-4bbe-8487-3919d4582472,DELTA
42e32ccd-e3c5-4f13-b0e5-2980ac21b78f,DELVE
47eef984-660d-4757-8ec4-8f2bcd821bfe,DEMON
53630c6f-8d03-4100-a822-144d75ad5f6b,DEMUR
3763aaa9-8d79-41a2-9f17-2f5163bd0a9e,DENIM
ad2ea75d-67e4-4a87-b69b-5bb285e5b06d,DENSE
6af64cda-aff1-400b-a0ae-9b9dd91fb059,DEPOT
79af1e7a-e66f-4a07-91d0-114bac21f2e2,DEPTH
375a2a48-af92-4814-ab7d-cc8c404ebd8b,DERBY
7654af94-ce04-473d-b83f-62ecadf4631f,DETER
89a6fa65-c5b8-4362-b2fa-e4f2f20aaeb4,DETOX
9676f68b-f19d-44e1-ad4d-79668ec9a93e,DEUCE
60526cb5-c6a3-4964-97b1-19324ba2db52,DEVIL
b547e4a6-16fe-4990-b8f6-c9683503b6b4,DIARY
cac141ca-55dc-497b-84bc-be18f4770e15,DICEY
bba8f980-dde0-4f9c-917a-4b92b4aff105,DIGIT
ff0419de-67b6-49dd-9b02-05a9e9840da8,DILLY
9f5b0b55-057c-4432-8f59-f213a9628121,DIMLY
50879d4f-0794-479e-9792-951f8188d8ba,DINER
b6be718f-533c-45eb-a823-cd2bfef52d02,DINGO
701ee06b-ec78-47e5-8082-466d91a842bf,DINGY
268374e2-3c39-461c-b757-b2d7353cffbf,DIODE
68240c49-83fa-4fec-9864-989346ee6025,DIRGE
d6a6e1ac-3029-4528-b289-da0dabc0e1b8,DIRTY
5fb0fd70-5b6f-49c1-a0f3-4c490b94f3fd,DISCO
6952a9aa-44a8-4105-8023-a710b7702259,DITCH
82a1db08-f2ed-4c48-911d-9b069ec05a13,DITTO
b6cbf36d-cc9c-4ad0-b45a-c321ab825255,DITTY
26cfd26e-1027-4dd8-a99b-9c12367a86df,DIVER
e0f40e06-ff58-4588-99a6-220ed534e5a1,DIZZY
3a706a4d-7d9f-4399-9f70-c0ade7aee818,DODGE
df433f65-d9c7-4fa2-909b-731a76016385,DODGY
55992d93-d36d-4753-aa74-45bdfeda5871,DOGMA
8ffdcd63-045f-456e-9aab-eecb0a296d8b,DOING
a5711f23-2fdc-4ca2-aa72-a02ac3814be7,DOLLY
a693d33c-0d3b-46e8-bba1-a4961dd4e2a2,DONOR
4220e9af-f78d-4b03-9926-5774106878e6,DONUT
488412f3-43fb-4ebd-b0bd-74fb0e6997d2,DOPEY
edbe3574-e09f-4bab-9b69-50c15c8b24c7,DOUBT
290c4ff8-8e8a-4e09-b517-1228bc9a616b,DOUGH
9302170d-d632-40e5-b3c1-c7911ff6b030,DOWDY
d54e2ee8-bfb8-4bc2-ad65-eb72d64d8ddd,DOWEL
c97a0ce3-a909-478a-8c42-1ba69d0e1fb6,DOWNY
9a688e6a-d89f-48f3-acbc-4ae04bf82acc,DOWRY
498ff357-b450-4442-a994-e46fa9dc376a,DOZEN
fc6ed459-bfbe-429c-b957-283599f3ddcb,DRAFT
b54b43e9-027c-4a78-8664-fc0d21f08b3a,DRAIN
0164df63-003d-4f2c-b13a-5e0829ad113b,DRAKE
7e17184c-d9cd-4a4d-9bbf-8acaa74416a9,DRAMA
8679b857-3d7d-4d3a-be0d-8d7fd5475adb,DRANK
c01f3980-9a12-402d-9432-9b14e097b3cb,DRAPE
51f54b1d-3560-4f43-8f2f-f83537a4ab65,DRAWL
1542d775-7fd9-47e7-901e-0b205672b545,DRAWN
6c177887-16e2-4a85-bbc6-90570db1809f,DREAD
c7367ec6-9720-4968-bd7d-6fe313f8ba60,DREAM
36788bbd-2c6b-4330-ae4a-97da6184feca,DRESS
9d59a66d-b9c8-41e4-88c2-375a85167f55,DRIED
41c2293b-9821-4efa-8d2f-19efe9d592da,DRIER
4d167ded-cb90-41fb-b0d5-35a870769be5,DRIFT
a0ff0a3f-2545-4418-9415-1e396335cb41,DRILL
f098c5df-f7c0-4332-9d85-880bbcc6806b,DRINK
1798a03e-0b3d-43e6-bf92-8f61f03c61fa,DRIVE
3fec9b62-ce76-40cf-a4cb-f48bea5ed946,DROIT
a2c54a74-4b66-424f-8cf3-f19f11db56ef,DROLL
e322134a-5913-4a42-8a96-551a52102533,DRONE
5c8a4f0f-51a7-490d-b602-c36113a06358,DROOL
63b8a7ed-77a7-4ae7-a917-fbc8ed8fb149,DROOP
f03fb8e5-5d58-452e-b423-231d46d7c82b,DROSS
0af82b0c-f618-4cac-a4e3-4d8f16cf4ac1,DROVE
5e9577f5-a39f-4aaa-a8bc-d44e16f8d4d5,DROWN
6aba32c1-10e4-4303-8d0a-0b8da0d78cd1,DRUID
8dbe6757-0162-497b-9a26-bbe43972081c,DRUNK
36e6c217-f877-4667-8c4d-56f8d6bfaa2d,DRYER
72eec587-677a-4927-8536-3432c5d72bc0,DRYLY
a3ef21e2-f0a0-4c30-9353-008568c81939,DUCHY
dddbfb0a-5fff-4390-aed8-ab17dbc26918,DULLY
885f802a-7337-4193-a9d8-55efbdbe7a0e,DUMMY
9fcd2df2-eae3-4cb0-a956-cb6b905d3a73,DUMPY
e7541444-aa3f-4379-9ad7-97e7aac583da,DUNCE
1f9c016f-4e85-440b-ac78-30e4984ccc28,DUSKY
94d8f752-e5b3-43be-a754-5bcd0bec1099,DUSTY
ee39827a-3e89-4fe0-8278-726b23f42c32,DUTCH
580003d4-a271-4a43-9fbd-864109328a06,DUVET
227972f7-f830-43c8-9fcd-6286959e5828,DWARF
c5c52841-b8a2-4562-9be7-4cf12864b959,DWELL
47d08f53-7b59-4238-ae9b-905aa4031de5,DWELT
7ede1168-a5d6-4cbf-b311-2803c6ece03c,DYING
f918af4b-87b0-4ab8-b2fd-9d46e40fd64c,EAGER
474f3716-1335-4983-87bb-48fcce9d19fc,EAGLE
8f925c31-c044-4073-bb4b-97a5d3e22314,EARLY
df1dac0c-a39c-4dac-a5cc-e1b9d06e1e20,EARTH
f9133fc3-ef96-4ef7-85b3-02e06c4d73e0,EASEL
576eb51a-ec74-4c8d-be47-92bce2b20463,EATEN
bbbf79c5-2fc0-44dd-8142-227706f3ca24,EATER
3c0bc891-45dd-471e-8e74-81dd9acf10ae,EBONY
c5e52382-91c4-457d-b8af-cb9a30280ebd,ECLAT
b4d468c3-f3dc-4678-9f28-f64fa3d8219d,EDICT
246f0704-2b34-4753-8d4f-c058404c9f88,EDIFY
46e2af72-adb5-4b09-8264-ea32dc115f93,EERIE
1ba5ccee-3b1d-4cd6-a0bc-d0c5c0289768,EGRET
9fb0bb66-bb7a-401c-8b4d-17b65898add2,EIGHT
4bd2e4ea-937c-4d34-81d4-7aac0c475276,EJECT
beaa105d-5fab-4bfa-9331-1456c1d1727a,EKING
73a3dc77-3301-4f98-95db-976556ee4c1f,ELATE
aab7ddfd-9770-428a-89e9-d076f2a46ade,ELBOW
92de1400-1ab1-4164-a2a0-67c719ef008f,ELDER
7ecf4867-2cf2-4b5c-82fc-e5366e7cae05,ELECT
cecf7b9b-fb97-48ab-afa7-e94c9764d689,ELEGY
2d6e544d-f0a6-48d7-b814-9b89773a5bed,ELFIN
79b1df3a-5709-4c52-b2f9-09f442035cdd,ELIDE
7aa2bb92-1355-4a64-b281-155241825f76,ELITE
5ba9eea8-977e-48d5-8f4d-1fcfde8a9e35,ELOPE
aab6f214-5600-44fe-81b7-e401e32efc44,ELUDE
b52b6d3a-6318-42c5-ba50-98e43e15d1f2,EMAIL
1e63b91f-fab5-4eff-b63a-90c4855d5ee6,EMBED
9921d77a-6d47-40ea-8591-a181c8dcbc32,EMBER
da30b247-44b2-4f71-8f37-6c34b39730a0,EMCEE
51217a68-fba6-4624-a246-78e7ec86607f,EMPTY
08659689-3fba-4b53-9e94-bf874dfc7317,ENACT
b1286de8-3249-49eb-bc69-90b1dca7d0fe,ENDOW
6377f9d0-a201-4a68-b105-8c64fe011481,ENEMA
4aad3cae-c46e-4c26-9169-6118b2c58750,ENEMY
cd4cb42c-fd17-440d-a143-04e93f8a6b54,ENJOY
81bce483-98be-41f9-92df-1b811acccf37,ENNUI
9a709dd9-fa98-4a6b-8b4b-0fac7f2fa1fc,ENSUE
9d1921ee-1415-432b-8e6d-2a85fbb8a9af,ENTER
cf537dff-8333-4cc5-8b39-5458822fd865,ENTRY
23050035-5f01-4f93-a210-a4c22533171a,ENVOY
0f3b734c-019f-4dd3-a8f2-67fdc894b6e3,EPOCH
18290070-7bb1-4d66-ba30-037e45ab706f,EPOXY
f89dc4f1-fbfd-44ff-9403-a467d6b34f93,EQUAL
59c2f537-7ebe-486c-a17f-72cd39c4384f,EQUIP
79b076bc-1132-4d92-b723-1c3c198d8d6b,ERASE
191579dd-1489-44a9-b7d5-ab843e30a176,ERECT
7b3039d4-dd48-47d3-a642-25f2daf67da9,ERODE
a05d2e0b-3d42-48f4-a33c-9e490cf2e2e1,ERROR
cf784fee-65be-4ac8-83a1-b6de454a7c69,ERUPT
45bc6092-53cd-4a61-b595-bd3a4c9aa8db,ESSAY
958df00f-500b-45f4-8f93-53652dad7c8e,ESTER
fcad3b55-e97b-4cbd-9800-21a74d52af82,ETHER
a70c258f-400f-4a3a-b680-21eae836a7ac,ETHIC
a449e0b4-ff9a-43f0-90ae-77066c615c6c,ETHOS
0bde2a82-f85e-4b1a-8c63-ae00b94c9159,ETUDE
8192a0dc-7767-45fd-b457-5d370127cac7,EVADE
8c106389-d75c-4470-9df8-ab806be0414a,EVENT
b6900899-e524-48e0-9230-0f94c70e542a,EVERY
b8383309-a2d0-4bf3-9f7d-3e4deb4016df,EVICT
db2344c6-5410-423f-bcce-7509f4f96f2e,EVOKE
b9c39e23-210d-4bab-81ec-a8477d07086c,EXACT
c9eb1028-2384-4baa-b5ff-ca309d02143b,EXALT
b42fcef1-2c23-4d82-8062-9627137b27cc,EXCEL
8f488c0f-411f-4a89-876c-312dc9e5419b,EXERT
0ba5549b-ab04-4e89-8a41-a855eab3032b,EXILE
65008b3d-1210-4576-b13e-4d8c8afdf1c5,EXIST
f531bf33-fef4-4bba-aeed-e73ba6efba70,EXPEL
336baa7a-b3cb-4131-84c4-789b3ad70b0b,EXTOL
ac32801a-6f37-465b-bc90-a22027889dd8,EXTRA
91445b37-a614-4cdc-983c-1702b3c9565c,EXULT
329c33a2-306f-47b7-867b-23fdd8295001,EYING
0eed0160-72c3-4ca1-bdf6-c91c0388b833,FABLE
19e5e30a-44e9-4cc3-ba97-1285eadcd4f9,FACET
eb8f6760-70c5-4326-be3f-7df1ef453227,FAINT
576976b8-ce51-4536-8d12-56c508a56f7b,FAIRY
f1e17810-f9e9-4f5a-94bf-2ea68d9999da,FAITH
d2a3e716-a837-4dba-990b-d1ec8178a6fd,FALSE
b90095e6-301e-4a35-a8a0-214cddadf869,FANCY
99c65065-b6c5-4d32-9674-7c80a711b25e,FANNY
d93eb3c2-ed3d-4fde-8ab4-ea98bcc4815d,FARCE
35d44991-2ffe-4639-957a-5c5eb71d7a92,FATAL
5db26ffa-9882-4036-b6e0-40c616605275,FATTY
15b38115-958b-4e43-b863-aa86f3691838,FAULT
5a2c3ae1-22d4-44e4-883d-3f7686811bcb,FAUNA
76badc5c-e203-405f-8f28-a0d852299c66,FAVOR
ee62c9a4-bce4-4505-9787-d5cd51c42b92,FEAST
0823f1b5-9c29-40f0-a925-9605fc25a7e3,FECAL
cbd7dd5c-6e23-4630-955b-554533f92fa9,FEIGN
9c910709-60a0-4684-bfea-320b7c9bed40,FELLA
c93361cb-ce58-496c-bb44-db2b73d7eecb,FELON
4b806473-a486-4b7e-bb14-fcad19251f8e,FEMME
575f008c-5698-4766-93be-da154e59b879,FEMUR
169d6f53-6b4a-4dc8-ac46-ffe981996ed3,FENCE
ef1be000-b6b3-4398-bf70-3504cfcc01a6,FERAL
f8d28ec8-eb21-47c7-98cb-6110a2a1f7c3,FERRY
034a3a5b-1657-49f1-8d6b-e15fc3770315,FETAL
5ca8fd08-e7cb-467f-872e-d1e328c2c152,FETCH
4d93852d-69d6-4316-8441-6aee59620104,FETID
eb05b377-f5f7-42b6-8332-db3fcc035a44,FETUS
31c9be12-9cd5-4d8d-b8fe-4e64e99ae9d3,FEVER
d72302de-20d1-4238-b1b9-16e4a53d6eeb,FEWER
8d3832d0-b331-4bb9-9b17-85f539c0f175,FIBER
809ff7a1-566f-4dcc-86d9-68a70b596698,FIBRE
f489aa08-3e53-42f9-b73b-ed8b066002a3,FICUS
76718f0e-9007-4513-9e77-f6fd4ba52bbd,FIELD
051b10ff-e617-4bdd-8f28-dfd44ba5b2eb,FIEND
7b49f36e-918a-4920-9358-ab896fa7ec21,FIERY
fd1ef655-9aae-4337-ab57-c9d112073f18,FIFTH
add2a6b1-6c7a-49b9-974c-5075bb2eff47,FIFTY
f5d50668-00b6-44b7-a6fe-fc51b7b77bf3,FIGHT
7a2e7698-2fba-48d5-acb5-634a6ee247da,FILER
6b8194e6-a587-4f25-8e55-8e988ea28e29,FILET
1871aded-f7df-49df-b31f-a2aa55239810,FILLY
dd9790e1-cfb1-4d6d-9676-226d2cea165c,FILMY
f4499f56-bc7e-4047-aea9-84ddb1a09c27,FILTH
2f543704-af7d-4f3c-b5ad-ccb43cdd7519,FINAL
5c115691-43f6-4e83-ab59-8d8ae953c7d1,FINCH
e7f17821-a54f-43ca-9292-bbbb811023af,FINER
e5e6dc41-2dbf-4649-885c-56c4fb47071d,FIRST
74622995-9177-442d-b4ea-05de0d62f883,FISHY
877474b0-08c2-4b46-9279-d431f6368464,FIXER
c28cdabf-b55e-4f7b-8920-ba3a98b75090,FIZZY
45e67302-45a0-4450-8c84-160c673b5998,FJORD
8677dac3-ffd4-4e3e-9189-ba11e7324d01,FLACK
cf27b1bd-98f0-43b5-b633-aaf9c8b9cb51,FLAIL
f9b9b350-8566-4dd7-8bae-059973634bc0,FLAIR
df3bcd67-a13b-4580-91b5-490c009464eb,FLAKE
560369fd-bb0a-454a-ae82-37ed675d6f9c,FLAKY
373ef8c3-64d8-4b10-8423-5aebc8128f82,FLAME
14dff30d-4819-4498-8be0-20b8843d2a13,FLANK
491d7875-b6de-4977-bcf9-a77db4776566,FLARE
406ab63a-8ed3-4c39-aef8-f474298a67eb,FLASH
54bc4e3e-c483-44a0-9196-ea62593b86dd,FLASK
39c7643f-ffbc-4d13-bcf9-6fcd50733659,FLECK
a827e77c-294e-48a3-8ffe-46705174b1fe,FLEET
f0c05f6f-b5bb-4690-a35e-836014625ecc,FLESH
94193519-24ad-42db-989e-d152266c656d,FLICK
ce870fa7-65ba-4312-b8bb-82a6eec31bdb,FLIER
c33db448-9366-46f7-acd3-92d82b93bde4,FLING
c46c7ed7-5667-4d77-948b-b1f56f47d9aa,FLINT
8704aa14-8731-462c-b358-13f4733addda,FLIRT
5dac9e4d-3c13-4163-ab30-ea73ed3053a0,FLOAT
1ace0439-2898-489c-a64a-7f04aa191b5f,FLOCK
ba089b07-605f-4701-88ac-8ea2f1af251e,FLOOD
290ee080-7f01-4895-82fd-43679e711361,FLOOR
90802a67-98a0-4c36-b310-bfea0285714d,FLORA
1169e114-6fb6-46b6-8a54-07840a76a9c1,FLOSS
b4e22438-6d2c-4980-9956-39ccb9cc6ac1,FLOUR
00b56744-ce01-45eb-9bf1-d123eb9ae9f5,FLOUT
c79ea937-3d7d-4114-81ce-5309b62c2be5,FLOWN
7ed325e5-8146-4c68-91a8-40861fff5f84,FLUFF
885d2620-fe43-42b8-958a-efd681810803,FLUID
5da77d4e-0b2c-4e6c-9f99-6b8f93713766,FLUKE
4d269692-2f3f-4c09-89d9-cdc8043727e6,FLUME
0ae008f2-dd70-4da9-8379-2c98d582c12c,FLUNG
e3ca0ba1-9681-4aa1-9f6f-5b9e5ebf062c,FLUNK
61a42c27-e48a-4727-8476-3ff2c4397ed8,FLUSH
dc7e5930-5bd3-4d11-925b-ee27ef532116,FLUTE
cf15895a-85a1-4c7a-b5f0-3ed50d9374e7,FLYER
e2defee1-c606-4ee5-bc48-f34b82d4c883,FOAMY
821c9ffe-ea2f-432b-a23f-6db1cbf6835a,FOCAL
995c2289-668b-4f3d-a53c-86993f819e2b,FOCUS
cac5044e-cc48-45bb-95a2-24b5e1bf57a1,FOGGY
596aaaaa-03dc-4104-92b5-d5d732843e65,FOIST
b6b0c8d9-165c-4a74-87d9-7d68d2c63ff9,FOLIO
4eccab61-6990-4993-acea-add16a76cb20,FOLLY
6559212c-b902-4ee4-8ead-8d718232cd9f,FORAY
183940d2-b4cd-41c4-bfed-d5d64ab07b34,FORCE
b8e2621c-c8cf-465c-bb3e-febc60de1785,FORGE
b33b35d0-5f12-455c-ad6d-65777fb7862f,FORGO
753fe7a4-2771-4500-a4c5-05b9e58e687f,FORTE
4dd9accd-eb66-4bb3-85b1-5a5813f6c150,FORTH
d5e798c9-5021-4ebb-871a-ca57b7e139ef,FORTY
b9723174-7f4a-4e50-a34f-4f1bebd0d8bf,FORUM
31742041-e9ef-43f3-b03a-c69add42cf16,FOUND
3f64ce8b-0305-403b-8358-eff72eef5698,FOYER
4bc20d45-23d5-4c9d-a011-e038b60ec073,FRAIL
ea6756f7-9c7f-42a5-972b-80236cd4b5d5,FRAME
4bfb3848-e2e2-4815-979c-b9c5862a365b,FRANK
1d75e63f-1d23-4135-abce-9bdc548e8945,FRAUD
aabd81e8-c292-4230-9236-2731c30ed308,FREAK
c47cd9e0-c7af-4240-936d-f562629e2b8e,FREED
bfc58f92-2bfa-48c5-8bf3-2e557adbcee7,FREER
efad4da0-1b35-4618-abb7-8873003f4791,FRESH
dba471b1-45d9-427c-962e-5dc9d35d7b01,FRIAR
cb24210f-604f-480a-8233-76d4d01713c5,FRIED
abba8aff-280a-49af-b7b4-faa5e82eb05f,FRILL
ff8cc069-a692-499f-97ec-9e62b265b615,FRISK
048478a6-3bcf-45c0-92a1-7393f9789bb6,FRITZ
64d3ea4c-0ed4-4ee1-9cbd-2d0d9056a5b1,FROCK
deab2e65-f6b0-4a1e-bd0e-f025b9a4fb43,FROND
80a98c07-6efe-4769-89a2-054428f78411,FRONT
a831e417-afac-4fab-8ab9-302f443a00a2,FROST
52c2069b-f81e-4444-899b-704f85e5f01e,FROTH
19343779-6cdc-4ab3-94bc-6da7535b1cf6,FROWN
c362ea17-ad2e-4d57-8bef-15b523ed1146,FROZE
23703465-df17-47a3-809b-faab84292103,FRUIT
6b77aece-87b0-41c1-bce0-fc306132ae1e,FUDGE
722ce457-4342-4687-b774-08d715fd811a,FUGUE
9c741dd2-5e00-42dd-b903-e2f1cbb1cc72,FULLY
1ae09e70-924e-4ee8-be7a-42906d3ea7d3,FUNGI
5df593d2-95a3-4814-beff-d1b6dc335269,FUNKY
ad116b04-7c1c-49c9-9f64-996c9febd920,FUNNY
9c683e7e-00f1-456e-ac38-830dcd3ed7be,FUROR
ff8e3ef6-cc74-4f89-8433-b25b90c52cc4,FURRY
4bb7c747-5a9c-4303-b0b2-23e0d4577198,FUSSY
cd20babe-1c30-45d0-baa4-3fedac273850,FUZZY
2cea656e-944b-4eea-8a26-17a5fae4be2b,GAFFE
7a180400-6af7-4096-a9db-eb21c3c18eb6,GAILY
09a28fdf-d02d-47a7-ad56-852baa6ebc61,GAMER
909349b5-db29-4c61-9a4c-516d2949aadf,GAMMA
faef9651-e4c5-437e-8921-aefa4e84e838,GAMUT
b76caf37-bbfb-499d-a0e1-8a15a7f7e814,GASSY
0284b39e-e3e6-49a8-b5a8-3e561e0ec354,GAUDY
7034b4a0-2bb0-43c1-a491-2553449f5b67,GAUGE
cb3ecdd2-9353-4c90-9d40-00864fbdbf88,GAUNT
64275135-a9f4-4b8d-814f-9af087bff1b1,GAUZE
328d3726-a687-4325-8579-2d14b712d644,GAVEL
f3146c42-5db7-401c-a748-1d13fd8e9f07,GAWKY
60389afc-1671-41f8-8adf-d37ade1a4548,GAYER
d5de1df1-5782-4eb4-8fd8-7125f65b7e5a,GAYLY
b9319dc5-8ce9-409f-bda4-25b332c8447a,GAZER
c8680852-5859-431c-b6d4-7ef1a413ac1d,GECKO
25fe63af-8211-41c4-89b0-e351b53ed661,GEEKY
0ff8c5f9-d0a9-4c4b-93b9-cd0b5d5babd4,GEESE
281b3530-7431-4a92-9fc1-6272b35ef16f,GENIE
81122de7-450a-4394-aaef-61aa443105ba,GENRE
3a8e55cf-c180-4db7-ac44-5306219f7feb,GHOST
10099fd2-27d4-43e5-9b49-c4c2c1c2d4b9,GHOUL
c5010104-ad94-48c3-9ed1-a002d3e8f83d,GIANT
485ccb79-c6ef-4106-a2b2-1b617c02db3c,GIDDY
f87e043a-51a2-4b6b-9a4c-079f9f7abe9e,GIPSY
40a86381-8c9f-415c-a5fa-e681dbff3fda,GIRLY
c16da35a-32b8-433a-a0a0-8c09d8fba04f,GIRTH
b5351435-c4e9-4683-8a27-5306dc728436,GIVEN
467e69eb-9744-498d-af22-e06ed9ba77fd,GIVER
9568d469-f94e-43fe-92e7-79a56497f45c,GLADE
53c70944-ff88-4660-b587-366e0f3d487c,GLAND
7d51bd65-a9fd-4919-ac3e-e144edf57a97,GLARE
b73210a9-3e7d-4557-ac97-bb5e229813df,GLASS
31343d80-5985-4cb0-a9da-3fed1cb1ff44,GLAZE
2b79e88b-5458-49e3-87c4-2fa04153a7ad,GLEAM
e7e992bf-897e-4739-b44c-d12dc2c82f6c,GLEAN
ecb2a97a-0513-4a48-992b-54476914057d,GLIDE
629b50c7-e753-4ea1-a7cd-8f838c284d90,GLINT
c14acbc0-c48c-4a31-a854-89cdef010a99,GLOAT
9283278e-8a95-4688-aa09-160020311dda,GLOBE
b69a4229-7662-48e9-8d41-20a6c280625b,GLOOM
f108a260-6f87-4127-b9ca-16c143aa37b2,GLORY
e347adba-a5ce-42c6-8f40-666044b63e0c,GLOSS
82f2dc45-0f47-4d86-9566-3bea7e67e78b,GLOVE
c881d9a7-c5a5-4385-b44f-67e4c572081a,GLYPH
cbc8cf45-426f-4125-a2f9-b75d28c4764e,GNASH
89ae3484-2861-4cc6-93f5-1441d258dce9,GNOME
64bf04a5-4207-457c-9665-c96e731baf81,GODLY
85f10375-04a7-4412-b721-568904090f98,GOING
fe3a0efd-6660-4ebf-bd11-20bcbebb6386,GOLEM
939ffaa0-bcec-4c76-8c54-66a70d4daf5d,GOLLY
4c89ba4f-b3ba-47d5-af3f-c9a7a4ae2e2b,GONAD
d169ec4f-f584-43d6-b8bb-1dfd4e6f01c6,GONER
58118454-663f-47dc-a9ba-1bf2394e9423,GOODY
35e9f166-37ab-4b05-9e68-3527f1719082,GOOEY
d16c55f1-de32-4aac-8887-c015d37b7a47,GOOFY
42b675fb-d607-4377-b28f-8d284c06b292,GOOSE
359903b5-0ee6-438d-a279-4bcb43eb5f06,GORGE
d32d871a-06ee-4317-8c36-5491883c3f6c,GOUGE
c0542569-6bc9-4d86-9885-7642b0c595cb,GOURD
a1675aaf-e767-45d1-9930-3331c6f7440d,GRACE
43194c26-b72d-4b95-a082-04764574ade8,GRADE
29293799-c2ae-4e10-904e-0cdb26cfa3c5,GRAFT
6f825b53-3ec3-4c43-8586-cb944fcd2ea6,GRAIL
44070e78-ac40-4774-84a6-91fb491a788c,GRAIN
72727971-e151-479f-aa29-f044370eb83b,GRAND
10302348-e810-416b-bf01-3e70fdece381,GRANT
62c5627f-bbf7-4e86-ba96-d1c4ad5b73ca,GRAPE
ef814e77-8a01-49c0-b28f-f4103238dbe1,GRAPH
9f2996ba-36c0-4550-9ae9-cee65396dd14,GRASP
0667678d-a734-4798-9028-0a30a8f25188,GRASS
129a74d4-13c5-4ec0-a551-0b5b35fe3899,GRATE
08c2788e-430a-4583-8f68-091087d1f2e2,GRAVE
c2093afa-ecd8-478a-83fc-a17444439bcb,GRAVY
ca65bcb8-3a49-48a7-89fd-e800fea51f58,GRAZE
595468d7-d115-4897-b207-a81014cd2dda,GREAT
64228d2b-155f-4c41-94e7-60f8b7748c0f,GREED
35dab276-9245-407d-ba6d-16e082303a90,GREEN
3726423e-7192-4c74-ada6-b6c8e1976fd9,GREET
46062199-ce49-4108-b799-bc5712b62094,GRIEF
328fa7ee-8c0d-4793-9c13-b6752851076f,GRILL
8784154b-d089-485e-9a0d-fdbb782723bb,GRIME
fd9e4d27-3e71-4f4f-a079-3bc42a50ee0f,GRIMY
6e1db1d7-a341-4de1-bad7-5d0f3f162ef1,GRIND
8360e7b6-97ff-4fe4-994d-77e4fdcc68ec,GRIPE
f7b9d7b9-26e1-4cb0-b64f-d730b6d8ed98,GROAN
a9fb7eee-a033-4d4c-8489-ddc8a5d1e0cc,GROIN
e56c88dc-4e6e-4289-a391-5b160fe9b13a,GROOM
464f95ca-b7f9-44ee-83c3-4e5992b110df,GROPE
2d7776d1-71a4-4194-a126-f6552f5b6f7e,GROSS
23c57d61-9271-4722-93f2-b0a7475fd0fc,GROUP
564e96aa-ec38-4046-aeec-02d17faaa06f,GROUT
49888422-a7ed-4131-870a-52ff607595b9,GROVE
4767cc7e-7756-4c7d-99ea-6fe5a18c1d57,GROWL
cda1772e-1793-4d1d-a4ff-3a7bba4f9ef2,GROWN
958f6378-b6eb-43a3-b7b5-1da00b4763b4,GRUEL
0d943f58-c683-456a-b9ca-aa63fe808948,GRUFF
69f3b3f8-bdc5-48d8-9323-09a52de9b6c1,GRUNT
66e28c01-e0ec-4985-8801-2063f8273a56,GUARD
b8a6afa5-79f9-4c79-85a6-93fd1b449e5e,GUAVA
ee0a310d-3fcd-481b-a32e-bb8d4031ede1,GUESS
50305fb2-f627-4b52-a908-5dff16bbf0e2,GUEST
c336fbaa-9c47-491b-988d-f78b09249ed7,GUIDE
763a0d51-b4dc-4dd0-ae6f-05ed2e03841c,GUILD
06cc0a05-56e0-413d-a3fb-5bffd6bfc055,GUILE
4baaa717-0a48-4e6b-a46c-49e5ace905e2,GUILT
6b92030a-30c4-4e9d-bc25-1a3b1d5fdcd4,GUISE
92406256-be79-442e-be49-cd724e931b2c,GULCH
02ad86b6-520b-4802-ba61-f7449957a118,GULLY
c9c25ca8-4858-47b8-b878-d7dfd6dea4ca,GUMBO
6a21c056-b51c-4f12-8223-798e7e6e1d26,GUMMY
f58b159f-705c-45ef-8e5b-2ca1cd5be054,GUPPY
b3a038df-0747-4f34-88f0-6730377ddc20,GUSTO
45fff97c-5814-48c5-9a4d-398804dc9432,GUSTY
3ccd3b04-9df8-4864-8574-17be00575a65,GYPSY
8a8891b6-3d05-4138-9352-ee4b0fd337a7,HABIT
598bba31-1b18-463e-9eaf-a6519bf25cd4,HAIRY
1947fb84-76a1-432c-93cd-e0b3c11e5a82,HALVE
f95ebdb0-7052-4e74-ae46-6721bdd5b042,HANDY
8eff7ffb-67cd-4168-bc83-413dfb9f335c,HAPPY
a331e2e8-1d7f-4a0f-9b27-0afd917b41cd,HARDY
7a57437c-f188-4191-a67b-13c731ea2b04,HAREM
869b9279-9974-4034-a151-bc15dfcb92cf,HARPY
e053e499-e2ff-4250-82be-db9317f354bb,HARRY
e86f630f-345f-43b2-85e1-dcffe9eccfbe,HARSH
d792009c-7903-4f79-b35c-d574bb727dd9,HASTE
f77b2813-2c5a-4b64-b94f-0b829e12d530,HASTY
9d182a27-bfab-45e3-9044-108452de14d4,HATCH
3ece0995-a08c-4d91-80e8-800f56a54991,HATER
9a1a422e-4c9b-4449-901f-9d9a3c6c1201,HAUNT
c5e50ae0-35ea-4306-ae9f-fded8f36ab0d,HAUTE
b8ad763a-88ea-4611-b056-0fc7c980a116,HAVEN
85bd52f6-697d-4a82-beb7-206026b9632e,HAVOC
28fb740d-4496-4fa2-867d-4eecdb4920bc,HAZEL
21394fbb-0e79-4a25-b5ae-656e31d37971,HEADY
3c2057cb-eb4a-490b-9062-6c4f36620294,HEARD
76e2e7f4-10d7-4093-82ff-f57d6b319fd2,HEART
4f6751d1-a15f-40f9-b323-de691595d7d9,HEATH
d122f6cf-419d-4370-a059-f62f42d8f7ac,HEAVE
5238b5c2-d99d-4e34-95af-a6e9e30a359c,HEAVY
d85c7dc2-179f-46ef-a5a4-5ff53e51498c,HEDGE
e45b46fc-a67c-4615-9313-026dc081b381,HEFTY
6e8b45ad-b52f-4998-adb9-c91a6e7da1d8,HEIST
0171b804-9c40-474a-9799-edc7f55f7bca,HELIX
54feafa9-a3b5-4c6f-a4d4-fc8c2d0092a8,HELLO
f2fe313f-5cbf-4be0-8c77-485e9610bc16,HENCE
b7f2abe4-f541-4801-962a-ed63e960a571,HERON
f2b535dd-61da-4df0-9062-83b19887d0a6,HILLY
2c959ddd-2658-4df8-b8e7-4473027ccfb1,HINGE
6811284f-593b-4588-8f08-5f65e794e001,HIPPO
959d27d7-042b-40c4-afeb-589b5d7d7349,HIPPY
67145929-9737-4beb-b2a9-e0a3989d2958,HITCH
9f4a8f8f-36b8-480d-80ac-ebc1a41e9346,HOARD
b8913c0e-43bb-4b8f-97cd-b3dfe6da0cd8,HOBBY
a8739061-10d8-4096-8ac7-fa41b9e05ec8,HOIST
487128e3-5a64-490a-95b1-94af34984cdf,HOLLY
7c1221b3-13a9-43fd-8b11-b64475a3fdde,HOMER
d103486b-b9d8-4f6a-9e4c-8ad4dcfc4bf1,HONEY
cffa74c1-b868-472e-83d5-9514ae10f283,HONOR
702f5db7-67c0-4d48-b1fe-9297ea55747d,HORDE
37d1b6bf-f5a2-4944-bd52-831c9c50f23a,HORNY
f763ef46-93a9-47b0-b455-ed2a31db37f4,HORSE
ceb49681-77b5-4265-9cfb-244ebc85b9ba,HOTEL
19d5cd0f-4986-4d59-8804-128c6a265786,HOTLY
bae6da03-9d07-418b-b014-08ed5f04764e,HOUND
622b251d-77fb-4795-9a80-915f063b97e4,HOUSE
d0dcfd0b-dec7-4473-8fee-81e90bec9bcd,HOVEL
28f659fc-b2ed-457e-892f-9d44cae07b87,HOVER
bdf9e8e8-f631-4240-af20-c882ab5a8c2f,HOWDY
06476447-b5e5-451b-8788-845690ed32b2,HUMAN
ff12a0f2-20a5-4e3b-893c-1a960e3cd48a,HUMID
00e55020-41bc-4ad9-bcf0-42e5ff794b13,HUMOR
e81e5672-85e8-44d6-a289-19600d1fc9ed,HUMPH
f4d4b1a3-ea3d-4835-b5e6-278c55faa165,HUMUS
0c076432-9e77-4eae-abc1-e0ea47f0daa8,HUNCH
237108ab-2164-4815-8989-98825ca2d7e1,HUNKY
185ba7ef-9451-4a87-b44c-cfc27d10c24c,HURRY
831554ff-daf2-4378-abdf-a2c6994b2c96,HUSKY
13c91287-95c8-43be-a2bf-61eccfca25a0,HUSSY
7087cbb8-f1f2-46c6-8b9c-a5a0dca65208,HUTCH
f5543c2d-13d5-45bd-844f-d27146518b20,HYDRO
77e97ad9-7475-4220-b7bf-747041a1d711,HYENA
8eb6aafd-d7b0-4967-b02e-38de7c21953f,HYMEN
e4686f60-fcff-4b41-9a4b-1b7e8b7067ff,HYPER
e446fffb-f759-432f-bcfc-f339998d5135,ICILY
90288d1c-9e32-4641-82ec-fc29191b973a,ICING
101f8289-a290-402d-b492-d3e60180b41e,IDEAL
88c95abd-0af5-4a5c-bd22-04b41c2b86d9,IDIOM
36eafb90-cdc3-48fb-8e7d-368ecb0ff09c,IDIOT
4f7ea2ea-a5be-4f2b-99bc-e1003863768d,IDLER
7eff9f93-87cc-49ae-875a-07e70cb35cab,IDYLL
ec967725-c824-4378-aff7-edb85e777007,IGLOO
ab481a10-ccf2-4a3e-84ae-26d42e9eddb3,ILIAC
0fe4184e-f914-454a-a849-ddc8cf0291f5,IMAGE
9e874826-771e-4af9-9e45-36eba92d0d49,IMBUE
b57fc09f-880e-42d8-bd47-d2bc39f187e1,IMPEL
590a6c7e-16bf-4ca8-8604-7e7409f0fa17,IMPLY
c96edf4c-f225-475b-b8f9-bab9eb978cee,INANE
ac2a29a5-680d-416a-a590-81d266842c64,INBOX
72fce209-6893-4322-a929-531c78590925,INCUR
b48ce9ad-697a-4ce4-bd6e-f9a739256f01,INDEX
a9d2239b-815b-4f24-8b09-7f83e5837b0c,INEPT
00a008c3-116f-45db-a230-5b8021614633,INERT
d7ed8d6e-9dd9-4e66-8be2-8bada0c1cc5f,INFER
df18a867-fa26-45d8-86a3-ec1e01797454,INGOT
661c545a-80f6-4b1b-8ddf-a62703086de3,INLAY
473e7ef3-5b45-4da4-a581-02022651527b,INLET
f1fe4ba2-7dec-4eb2-90f6-aa4f61564e83,INNER
7cbfc241-4a6b-48fb-8d94-6eaa5d6f0fe9,INPUT
564248cb-87f2-4238-b224-5f0a901a7aa0,INTER
d77c03bf-8bef-4bfe-8eb0-2f8d7f3053e0,INTRO
c6fdea09-0de4-4493-a5f6-1d5115fa9417,IONIC
f317058a-57ac-4bf3-a0ba-cc264e2be0a5,IRATE
5c3a8585-cdf4-4fc4-9de1-31f71cc3ff6e,IRONY
ddb4599b-6843-40af-8a21-9a41b0ef3e08,ISLET
4015a042-48c9-4b30-9272-7103e6cc6099,ISSUE
27b6b1aa-040d-449b-85e6-cd4e187132b2,ITCHY
c3439230-aef7-46f6-bcfe-80944ee7cd0d,IVORY
1d80580c-7395-42fd-9993-f59e221cb1c3,JAUNT
f87aaf52-e5d6-4773-b282-0502ade18e54,JAZZY
6ed36bdf-3215-4dcf-b61d-f69b400d92ae,JELLY
0cc59608-3264-4ae5-befe-3a61e4c5114e,JERKY
b94be391-164c-4b5a-801b-edb782212ce4,JETTY
675998e6-cc50-4899-bbba-96323d5e9513,JEWEL
ec526c54-2d7e-495e-8e1c-56080f544218,JIFFY
de3dda37-4439-4c1e-b535-35b558bc9781,JOINT
6bac3858-ece6-4fd2-be0c-6bf51f1d37dc,JOIST
6a0030e5-26e5-48b9-9dd3-250d05792f03,JOKER
7f7cb2c6-6702-4feb-bdcb-cefb6bd588c6,JOLLY
7840f804-cd22-4a6f-b4c2-9f7b0eaf4b5c,JOUST
a39d04c3-de33-4a2e-9311-e64ac774a532,JUDGE
2c5e04b4-aaf4-4323-944b-0ce6e12194f9,JUICE
19bcf0ef-3a30-4203-98f9-11996dc7abf6,JUICY
c51e93e2-65ef-43e4-92e6-6cf9640d19cf,JUMBO
7a49daa9-fe84-48da-b6de-e557d80f98b1,JUMPY
a73edcec-7d94-43df-978f-1b1a7640da9f,JUNTA
38557240-ee4a-4b4d-81c2-a7f8800319b0,JUNTO
1d51f497-a7ac-4c8b-9f27-1db8c9809251,JUROR
321fa293-d87c-4430-aaed-ad89db155ca9,KAPPA
4ad4c3d1-c45e-4bf8-ade6-753a9aa63bc3,KARMA
81ac579d-8305-493f-849f-a7f0618df966,KAYAK
f42cdb57-b9f7-4e33-b469-a7c0e72c7074,KEBAB
cd1da2b6-5767-4a2e-be41-dd020a6f4f46,KHAKI
71ae493e-7317-4bbd-9243-e4076da28ca5,KINKY
ff36a469-c095-4aa8-9e36-fdb1d19c8af9,KIOSK
ef451fe6-e9a1-4ab1-9ff0-1375ff85b5a0,KITTY
1aad96ba-0caf-4e06-8fc1-292177aa1bb8,KNACK
a6288001-657f-4f40-9e92-e9e35489b8f4,KNAVE
391188e2-9cc1-4b3d-b4a9-2b038ff67938,KNEAD
6fb17e45-7065-4c98-86b9-75a877ecf5ad,KNEED
b90b4c7a-750e-4a45-953d-498958a4893b,KNEEL
c57ad9b6-65be-47f2-8ecd-479a3ee7ff34,KNELT
838530ad-68a1-4c9f-969d-5f0fd49c3e1a,KNIFE
26987350-7484-48b8-b7a5-e5b2c9ec2d83,KNOCK
2deab205-0a96-423b-b657-0458dbeda74c,KNOLL
1828bac0-8dfe-4914-945a-6998393f27ba,KNOWN
bf580847-9583-4851-81e5-33421f2922fb,KOALA
a0084966-8765-460f-8afd-3c1de5a11228,KRILL
8864623d-d727-4042-ab47-d34c49fe7cbf,LABEL
cd25c4d0-c8ec-4dff-80a3-ceeeb493137c,LABOR
b7befbd9-4998-4097-849c-635aea199cfe,LADEN
ccc5027a-d4b2-4309-b900-a1bd3eb42222,LADLE
823dfd68-28a8-4b2b-8f95-601078f4bf8a,LAGER
a422d719-85d1-4439-b050-8304a0c22720,LANCE
ad210637-7af7-4645-9b3b-0731773adc4c,LANKY
10a08f87-11f5-4be6-8639-11ac385f285b,LAPEL
75114fd6-ada4-433f-9716-6daf22051f63,LAPSE
10543d71-1105-48fd-ad40-2def434ce7ee,LARGE
62f9567d-bf0b-4bb6-9d45-538efd7ad8c9,LARVA
1c8ee794-123a-42d6-a31c-9b91dfe745d1,LASSO
0dfe1cd0-4d80-4acc-bf9b-30c7500d5fde,LATCH
1040e5a4-e6cb-4d7b-ad23-8c38647d3d67,LATER
d56af0ff-d678-474a-816a-0a2e6479edb8,LATHE
b5c4f793-6f65-44d3-8df4-5575dede1b4b,LATTE
17748a78-4473-4394-8246-93817f300845,LAUGH
ce4b0696-1b25-46bf-9d87-fbb417654768,LAYER
1f337bd6-80b1-4041-ba34-0bd093522c43,LEACH
2ad059f6-3ab2-4c89-9bb0-340e990786d0,LEAFY
5d0adefb-8292-4001-b8d3-9774468e09f7,LEAKY
eeb1cfb2-7651-4c9c-9e9c-92308839e5d4,LEANT
8145ef43-70bd-4f58-8b5a-182bb92c32df,LEAPT
4fb0220a-97cf-4d62-afe6-c89c4432430c,LEARN
15afea24-240c-45e0-a996-adeaad96b571,LEASE
40b8b948-ef6d-4559-a866-0ea240a8113f,LEASH
60f850bb-974f-4a1b-8f73-ecd7b6455eff,LEAST
ea881517-29b6-4132-b87d-9013c61c06a0,LEAVE
1058ef8d-781e-4002-b439-13ff830519d3,LEDGE
f7d592cf-4cb8-4133-aa68-2cc7b08ceda5,LEECH
1c4899f4-f4c1-4be5-b690-9e8c2feeabab,LEERY
d82de22f-ab3d-4c66-8038-bd6e9669c022,LEFTY
5df7043a-2942-47a2-b3cd-66ff63f640b5,LEGAL
e4b7ce88-6eb2-44e4-8a16-ad3c84d2ef38,LEGGY
8ee07dd9-b581-48c8-933c-2f41ac5ac0f2,LEMON
f8b0996f-81f9-4eb5-878f-ff452b59af29,LEMUR
286b1606-7399-4534-ae27-986ad25c6ed5,LEPER
947880a7-ccf8-4db0-8976-511621ead44e,LEVEL
b79364ab-922d-4dcb-9840-b9eac822a0d7,LEVER
c19fe418-be29-4613-b1c7-c3b00c42ed0f,LIBEL
e0c74ffe-7e5a-4ac1-b707-c551086ac111,LIEGE
6d32a38b-43fd-48ea-bd91-ee48f75a9c86,LIGHT
9ccbaee8-3341-4754-89b4-09fec488ca2d,LIKEN
4e845d7d-9eeb-4c8a-9086-497f5416d96b,LILAC
d310341b-ac10-4253-9b42-121fb93af3f3,LIMBO
3fbb72f1-572b-43f2-9a7f-56b16b2ded22,LIMIT
7dc40878-bb27-4144-8647-f80188522ff3,LINEN
e2bd3db6-1575-497e-8e04-a8add9b4979c,LINER
336b474f-2cae-42cd-b9d0-e8638414e432,LINGO
ef79cc28-67fe-43c1-a13b-f0de9c5f82b6,LIPID
df461678-cd1a-43e2-91ec-5ed9ccab5436,LITHE
eacfd0fa-bf4e-4e7e-9126-a5753eb593e9,LIVER
f4393573-2b0f-49e6-9876-79e092c727a5,LIVID
b6c1cc21-8ccf-42c6-9a7e-996cb532f8cd,LLAMA
cba2d733-d853-4a74-83dc-1df3e6269100,LOAMY
f7997f08-e755-4380-ba32-97ae91dc1faf,LOATH
603cf80e-568c-4849-833f-0911a5b024dc,LOBBY
2f9852e1-78a0-42d3-9f5e-711f8359e981,LOCAL
573b8b19-b43f-48b7-b1c3-d2e49dd13068,LOCUS
0f4334ca-384b-44b6-8fab-3157cbad07eb,LODGE
687019a0-6794-43c8-9645-5929bd094601,LOFTY
1d7a49b7-59ca-475c-b8ff-8f4f155e14f1,LOGIC
f3033ba8-f2b5-4c1f-85ae-c2387bdbe6cf,LOGIN
e84190a0-89da-42f5-a46e-45a08acedc9b,LOOPY
555d8131-d4f7-4f98-8b21-cdcf25b3010f,LOOSE
2a46f119-3d10-423f-b683-ea3437e613b2,LORRY
99eb1ac7-cacf-4f9e-ac40-792f55a769c0,LOSER
c2063a98-4a00-4424-a7a8-66a68e838052,LOUSE
79924424-de5b-4d18-801f-c8e702eee1e8,LOUSY
e0ad0821-a798-4a7b-95cb-e2edc1288ed2,LOVER
3547cfec-caee-4342-ab25-e21ed9cfbf4b,LOWER
f2203eac-bac5-4984-b940-0c90c107325d,LOWLY
e6635d37-daae-4cb2-98d7-6f599c50299c,LOYAL
82198d9f-9cdf-44a1-afd2-5fbed9cd4591,LUCID
da510827-5948-4510-9ed7-32185f3849c6,LUCKY
c3669289-d953-4993-8627-54eba8f6c08b,LUMEN
9718f410-2caa-47e9-8d5f-d00c970a0833,LUMPY
b06a42b4-434d-43b9-a9af-0510d197a0bd,LUNAR
b1e5a37b-1aa9-4247-bf7d-cd66828eb601,LUNCH
2f17e492-bd5a-402f-856b-32b015efbefc,LUNGE
41c4c097-0760-4f25-af7d-966ee43db6be,LUPUS
86e163f9-b4a9-4dfb-aebe-af773bc326e1,LURCH
ad1f2408-508b-41c2-bf5e-f958bce2671e,LURID
6d38fd9d-4905-43d5-a8c4-75cb73738c2c,LUSTY
8cfdf179-7fbc-47ce-801f-4c48930a9b64,LYING
ccad2c6e-ba3e-4fc8-9dd6-33cc9c08e3f1,LYMPH
28827ef5-2599-481d-8f5f-54a79f264c6d,LYNCH
de374e38-9c8c-4349-8dab-58431e0718dc,LYRIC
6a0d26fe-64b5-4c87-ad91-018e164b99f4,MACAW
4e46b49d-40e1-4863-b1ac-5de078d7da3b,MACHO
d3977346-2353-45d8-9087-2cc52304de95,MACRO
34ec60c7-ee6c-4cf6-9f8e-866498bc72e4,MADAM
d3faf52b-1a7e-4b08-a1c6-5e3a701ed0c4,MADLY
8085d7bd-524f-4fe0-a870-1ffdf16584c9,MAFIA
f1846c93-6cf0-4414-b495-f90c87383e3a,MAGIC
d7946a99-b506-4f5e-ba6a-a3331b3361ef,MAGMA
40ce1f70-68ee-49c2-b71c-6d91473141ef,MAIZE
df688029-2930-4c20-8d19-a9408668d7e3,MAJOR
caa4434d-a1d9-482d-a4bb-2478a46b6752,MAKER
a430c042-c7b8-4ad5-9b2f-dbf96115d29b,MAMBO
d712534c-2d93-4171-b2d7-2a3666f7501f,MAMMA
95d09a46-f6d1-41b8-84de-0154ef693f24,MAMMY
f9d678e4-91bf-4826-a293-11ef37ca9c3c,MANGA
5045fc8d-75c6-4959-a421-70d3b7ad3dda,MANGE
1913b6ad-9923-436a-85d0-94707707d778,MANGO
bec8b4f3-bc3c-4336-8cf2-35874c6b572e,MANGY
2835f5db-21c1-4bcc-beab-80baa525ba19,MANIA
43f84bcb-2df6-41ff-8182-8f85e637e33e,MANIC
2c981ef7-2488-4c69-8763-4223f892d54d,MANLY
801475cf-cd46-4051-ba61-3583c733d265,MANOR
2761f470-f844-429e-8f21-1872ad2fbbf2,MAPLE
926c3aba-274e-4e7e-ad03-fdf9c2ccbfc5,MARCH
f7ee0d25-1787-4172-8908-c72c54957cf3,MARRY
8b386bf2-8921-4fc5-ad78-a0187ff24ea9,MARSH
87889b33-ef1b-4be1-a2d8-b75524c0b6b0,MASON
149e4d0b-803e-47df-8a94-2e0406b3f240,MASSE
e37b7dcf-6f7f-4721-b6d1-92719cdab9b4,MATCH
2c791d7e-db2a-4425-94b7-febe74cae001,MATEY
c8d07f1d-b9d4-40eb-bb2e-30e8be9b969e,MAUVE
ea27637b-0ab3-4c83-b347-9da7b96f0c05,MAXIM
4b0b5cec-c96b-4c6c-a0b8-ac0d6f4c1028,MAYBE
3d041f50-7185-449b-9705-ee42a6c14413,MAYOR
c9c47d08-aab3-4b53-ae8e-87a25198835c,MEALY
3c275d35-1b6a-4236-8684-3fa984853382,MEANT
90d26093-8129-4f33-823b-b1acecb69493,MEATY
5fed8244-a3d2-4481-acfa-374461acde62,MECCA
293e61a6-fbe2-428d-aa9c-f598c6d9693e,MEDAL
a15b52c4-4a38-4b9f-821a-b43e02cac5b6,MEDIA
5b8b7196-dbb1-43d7-a85a-fd112039f017,MEDIC
6b557a38-2880-4e7c-aae4-d67747ab337f,MELEE
4102ba26-db83-4345-a11c-0cb7b72c9b04,MELON
28c005f5-0dfd-4b75-ba26-b8ffc1f01851,MERCY
1b1b70fe-7944-4473-be38-e3788e4b898f,MERGE
2f40925e-7195-4584-91f2-d0024470637f,MERIT
22175e1a-49c5-4bc5-a7e2-a0639697c6c0,MERRY
fab44529-a043-4d55-9202-21ba69ada9a8,METAL
091ae15d-7d99-42b9-9300-5121b696ab15,METER
8a362b13-2d7e-4e36-93ec-a3a2c4bb8b5f,METRO
d596814b-ab94-47f5-a600-4c72508de85f,MICRO
4af87402-d3dd-4a7b-bb4e-b1a0ca3c8b10,MIDGE
2fd4ff57-465e-4e6a-ab21-82eabafe9193,MIDST
d1badfd2-3be1-4eaf-8834-921fe2c556e6,MIGHT
95143b24-e88e-4e38-a4ad-fe838748a16f,MILKY
77377552-c593-4ef0-9fe8-0d79cd5dd204,MIMIC
2035249b-650e-4fc5-b16b-dd9eff5680d3,MINCE
e4fb5388-2ee3-4314-89cc-f97cacdf9464,MINER
48b03167-1a8c-4c1d-819b-6b8f15d795a6,MINIM
04989c76-b79b-4a87-aa6c-e2b666018aee,MINOR
c0b0b21c-c679-4490-9450-9b8f1b1e2a01,MINTY
c492eab6-6220-44bf-89d2-168de1fd098d,MINUS
d6fd022b-7925-4b39-8026-a873ed23def3,MIRTH
8661dbcf-f089-48f7-a77d-5db713ec7d70,MISER
ab66b3e4-4d92-46dd-9bd1-cf0284f7d2cf,MISSY
6c238616-edc8-4294-b03d-e9af9e0bbaa7,MOCHA
c60c3a32-b512-44c0-9a58-e969deb17fc2,MODAL
de130c62-e328-4f1c-aa1e-e1f0925595eb,MODEL
1954f73e-29a9-4258-9b03-68c1cfadf47e,MODEM
1be942bb-cb6a-47c1-a8c9-8d151ab4f422,MOGUL
c1074f08-9820-47ea-93a4-dc8af3d96e36,MOIST
f8dac67c-a1a0-4b78-a561-792d792688f3,MOLAR
3041f9ef-b3cb-4fdd-ae92-965d0e8eb81b,MOLDY
dbe57e69-8e79-485b-ac5d-74f3c1bc9b89,MONEY
b4b6ab96-44ce-4096-8337-53c93b25df09,MONTH
73d7a004-14fb-4c94-9a35-5294528a5f9e,MOODY
2924c86b-e654-40ca-a647-dd73601f3b24,MOOSE
f5340b40-0be1-446f-817f-ef11ad3da4ef,MORAL
309edf36-7eb0-4bc0-a809-859b3b55ead5,MORON
47796b1d-db3a-404d-8d79-8f8c0eaac33c,MORPH
8efac256-de4e-461e-88bf-639d9961de7c,MOSSY
8aa4ec23-84be-4421-bb13-e4edf5efd99b,MOTEL
5bd4640d-55aa-430b-ac54-cc3a1ccc31c5,MOTIF
58070cb0-80fe-4135-9036-448743c0fa2e,MOTOR
0158b82c-1eed-4625-9acf-419ee1fca17a,MOTTO
dd75f1b1-2614-465e-a953-6bf66007600e,MOULT
803acb59-d00f-449b-b53c-a090ebe4f350,MOUND
17cc4ec4-19f8-4d2e-8489-1091955dc7ed,MOUNT
7bd789eb-6cc2-43ff-95d1-c51d0cf6244f,MOURN
068c6b34-e33d-437c-ba58-b893694e6634,MOUSE
5329f964-22be-4b5e-a70e-8ebb1d8c8a89,MOUTH
e681863f-785b-4a4e-8104-15e07f0cc0d0,MOVER
22337519-3036-47cd-bff8-ee0ff71c015c,MOVIE
0daf3b37-9759-41b0-b41d-309d49c4e53c,MOWER
f8c43303-bc70-4ef6-9e3f-9d617b6fefe1,MUCKY
8ad152cd-ec28-4b86-9bca-6244b42626c1,MUCUS
82d334b4-c22d-40d9-9127-f1c545212c64,MUDDY
4b744ab0-50c6-4f92-a7a9-efa745ae72cc,MULCH
88b0e5d1-fd60-462b-aa73-31034aae9155,MUMMY
5c660045-e535-4fe4-8ce0-8aaa9603c2fb,MUNCH
9935756e-0e32-4610-aec0-6d97dfbf45e7,MURAL
cfa3a764-a3a6-499f-8ba8-cc2482be633f,MURKY
750e62bb-7197-4e36-8c43-c2418109360c,MUSHY
9421367b-bc3e-4353-a44e-bc4ddd5b2331,MUSIC
d9479816-a3d4-49d1-9da3-ea9551f248cc,MUSKY
7db29cd5-8ad4-4f25-ac13-765475a46abf,MUSTY
d39564fc-5e08-4d68-a4c1-afdb22327c73,MYRRH
41cf4c0e-f9e5-43a0-94ec-0100de76fd7b,NADIR
92c1b0f2-e322-44a4-ac4f-03d4f2e71da6,NAIVE
64c45b3c-e27c-4ea7-8b84-4eec533e80fa,NANNY
cfd4b073-e5ee-4b4f-ad9f-8925d9cff739,NASAL
78839b2b-bd06-4191-b6bb-98d7d22443aa,NASTY
b158bbf0-8a5b-44f4-86c0-5aa618ae52cd,NATAL
571c9afb-eedb-448a-abd1-5ce7a0b82fd3,NAVAL
1d3026f5-061e-4d50-b5b4-de97454bdccb,NAVEL
af3e0ada-2bc3-435e-ba5b-6e3307475acc,NEEDY
e5f62f8e-b58a-4291-af1f-5419428b67da,NEIGH
d9747d46-3442-4f8e-b9f2-4f04d779865c,NERDY
c9282eac-7f6b-4708-bbae-52a60a615bbc,NERVE
430f9399-f362-49b5-a851-ef62953c76f7,NEVER
cb497c4a-391f-45db-81bc-2b436c841a46,NEWER
ee19c7dd-b0da-4848-af00-7e1995e199bb,NEWLY
c0ba329a-f27e-48c5-9e7a-0316e2660ce2,NICER
46122bb2-9721-4c34-a232-f914022df66e,NICHE
02ce8058-2e09-47b4-ae84-3407db3a3cd0,NIECE
2dc9bdb7-2821-46b0-a490-b6b6e2281803,NIGHT
9024fea5-c697-49cd-9608-41a6d49dad50,NINJA
48ab465a-3dae-475c-9e7a-74e09e1893d6,NINNY
211fdd15-29a5-4b29-9574-5605a65e3c6f,NINTH
3d06b6f6-1e81-4d8f-9880-ab8182945a25,NOBLE
ec175d55-bf52-4f82-b1b4-15b404923658,NOBLY
9d09f8e2-940c-4f6c-9307-c631ba0e35fa,NOISE
9f6f4916-a2e6-468b-ba73-97be06ab9abb,NOISY
34ac945f-5468-4f76-a32e-f825aa04a699,NOMAD
9d717aa8-ef95-482b-8bb2-adc4e2a1ab7f,NOOSE
cea8c68f-c301-4bb1-a055-d19b308a721f,NORTH
2b3076e0-71fc-422d-9ed7-8a6e92e9e7fb,NOSEY
1f98fc09-a010-44b1-ad5a-7cb8ba31adcb,NOTCH
61cede6d-04d6-4347-a681-64ef6e49ab4f,NOVEL
a865aef8-2831-4423-9e53-b999556f97a5,NUDGE
83539e73-5016-4b39-ba56-1333f2c52679,NURSE
e65bff93-3325-4424-9cb6-5e03d22062e7,NUTTY
e4d5642c-fdca-46f7-bbf1-2772d15c9e16,NYLON
35f12076-1b48-4ff2-9b08-cae5e648947c,NYMPH
934d64fe-a780-43fc-a68c-2d6e2dcd87cf,OAKEN
02d68814-dc2d-4635-bdc3-13c92ccc89d6,OBESE
6f608695-d326-4e19-bf32-6287783b5a4e,OCCUR
47a2e3db-b2b1-4ff7-b04a-c3fa65aad92c,OCEAN
054fcaef-aeee-4cd4-8647-2a7895881cf3,OCTAL
a5a85581-4947-4492-a92a-95528ce276a0,OCTET
1d333292-e761-4ed5-8dc3-2fd0b2895424,ODDER
6f63db04-7202-4b10-a40a-df1440b7554d,ODDLY
8795a726-79f2-474c-9fbd-e8efa4b11051,OFFAL
5eef9e84-b149-4276-bd5b-2b31a32564c9,OFFER
56d81971-2e71-4533-a57e-b21494bc535b,OFTEN
70913545-6658-4087-a713-851d77b7c0ff,OLDEN
70b1c2ce-e82f-41ca-97ab-3ef704673bb1,OLDER
74717dee-5256-4e7b-9ea6-f9085b87d790,OLIVE
b92f87fd-13b8-41bb-98f3-8712f741ca5b,OMBRE
26787ae3-0ad1-485d-89d4-d9ee5dfd4459,OMEGA
9dff2a28-f5d2-45eb-9d9a-63adae83e64d,ONION
9f0aa21d-175a-4da4-aef8-d3b9e5c92619,ONSET
bffb675f-9c14-4ab6-abae-b79382333b6e,OPERA
13063200-2a8b-4fa8-96cd-184f51d6bc60,OPINE
9cfa40a8-4f97-4c43-973c-47f78d3f9d41,OPIUM
53600035-84fc-404e-b26f-009f9995d74d,OPTIC
40f9a8f1-54bd-4854-96ff-887377eaca25,ORBIT
daf85eb6-c86f-4d83-83db-276be5898dc0,ORDER
d466f1ee-2c23-48d3-8061-8eaed4e9de36,ORGAN
b77ecbd7-8533-489d-bc00-9f4b07a423d8,OTHER
0246afaa-fbf1-4979-9551-8392d98860ad,OTTER
011d0ab4-210d-4af9-a583-b06d8cb6cc10,OUGHT
0ce2912c-6926-4a09-a5df-d4daa2c95471,OUNCE
f0e39523-eae1-4755-965b-ab1cbcbee232,OUTDO
dda5f3f5-48d2-40bc-8920-ff1ccc23c751,OUTER
9146fd4f-dc21-448f-b6bf-91ec4027992a,OUTGO
5e884863-3487-4022-b6bb-e0f6e9b74bca,OVARY
330b437e-f459-439e-8b5a-f611e002ca7b,OVATE
4d23aa19-2f42-4733-9b1f-ff5be7ba0c70,OVERT
c56871df-c544-46bd-85a3-84c8ce8d6b43,OVINE
c4ac67fe-af19-4bd0-9e70-aec59cbcf128,OVOID
36ed52c2-53c5-463f-bb76-91f90ccd742d,OWING
b01d64c5-1716-4cdd-885a-7d889fba0479,OWNER
cc88f4ee-8702-46bf-9596-e8b1a6ce31ea,OXIDE
8ba6ae66-213c-409a-9aa0-16b65175f4bf,OZONE
acea6328-3089-4ff8-9bd3-295b38654638,PADDY
20fb69fc-61c3-4076-8a76-c4368486de4b,PAGAN
e0e7853a-13e9-4717-9f27-79c1d340662b,PAINT
e283486e-ee4d-4cab-a01e-de2d114c0f81,PALER
4f767053-95af-494b-b5d3-8adf0fa5e8fd,PALSY
d3515e19-ca40-4fea-8ba3-549b76cbcd95,PANEL
dab236c2-4335-49d8-b97f-d94b5a1edc82,PANIC
caa057f5-6833-4b1a-8972-ba5d26d615ed,PANSY
2b1bf15d-9484-4985-9a75-8938767272f2,PAPAL
3e75e244-f160-4e9e-959d-29f9d607dd2d,PAPER
60a0b14e-7a2e-4a61-9734-ee9a43657534,PARER
4d228df6-27f3-4ffb-a6a1-fd7a742b6e48,PARKA
88520b22-24c1-4810-9d72-ae78655931ca,PARRY
3a08ba1c-1f40-45c3-82cb-c449c07f0d9a,PARSE
c8ed2452-fae0-400a-a5d3-83267d224d7f,PARTY
4d7c6a17-57c7-49f9-b025-2c432abf853d,PASTA
6ce8232d-a4ee-42ac-badc-db701e65cad0,PASTE
61a5f693-4cf1-4ff8-a61b-8cdbf4ef803e,PASTY
15cfe7c7-96cc-4a44-b816-2b0afb674ea9,PATCH
a2c4e72d-66d1-4e67-ab42-30c4f3cf589a,PATIO
944a3c50-fe86-42dc-8700-77604055e75c,PATSY
99655035-93bd-4b1b-b26b-1a3750b6d8d0,PATTY
fa97b28c-d1ff-4063-8a77-588f8090ec9a,PAUSE
45c0f5f8-a6cc-4e2d-9f36-25e08670a41b,PAYEE
a82c6c42-3890-4042-9122-a48637ea6d45,PAYER
f88ba899-18c9-4b86-9823-a7855d203c95,PEACE
512c8058-88be-424f-83da-09005e098b5b,PEACH
0622786a-ab01-4b2c-b68c-318617d363ab,PEARL
33d2934e-883c-4b0f-bc7d-39a7aac7ee6e,PECAN
b11d4baf-1b03-494c-a54d-0b9eec339966,PEDAL
9bb5419b-5996-42eb-8326-8910f3d475d2,PENAL
e9956b38-15cd-417c-8ef6-0d77cc4d09ee,PENCE
4d3d647c-b94f-4a41-976f-5a936fb5a2a4,PENNE
789b5662-95c2-41dc-ac52-1da262b2d013,PENNY
6e3d2866-c2bf-498d-bd9b-7e50d752df82,PERCH
a6b0432b-fb54-4f9e-81fe-90f1eb2058b7,PERIL
b0282764-78d4-4c39-a9d4-414be04d9e12,PERKY
b98cc586-536c-4f89-9173-25c2e6bfa0bf,PESKY
1cbb3134-249c-49dd-8c54-607c9a5036fc,PESTO
cfce96f0-79bb-4d26-bcf8-793c525296df,PETAL
e62cd745-004d-451f-885f-9f8fa207f549,PETTY
7c423dea-849a-4f5b-ae38-2d20d9dac1a8,PHASE
f71265de-a0f6-4bd8-a3f5-55495aca5f7a,PHONE
3085f5d2-3384-4d35-9dba-45a503d1ecd1,PHONY
b0a58afa-d56c-40ba-8425-78433473ee82,PHOTO
f5c7db5d-1621-47bd-a2ae-43c7b8089f0f,PIANO
50efdc67-3189-459b-9114-c4081568dfcb,PICKY
da0f9b81-6640-4d7f-bd90-e910f77262f7,PIECE
6c339b46-30d8-4e48-bdf1-4dcbc1ec9abd,PIETY
244b2cb6-fa50-48eb-b213-dd4109db9447,PIGGY
10b9fc02-5557-4766-bf53-bd83fe1e9a49,PILOT
9e688f1b-9d97-4306-88fb-06296eeead73,PINCH
65a99782-df86-4c06-a769-aae91762a818,PINEY
615d2c02-49b2-4f54-abf8-498cf65662d0,PINKY
45b23c6a-fe45-4421-a7e0-1d14052d0796,PINTO
de7ee156-546f-4c16-83a5-709a6dcffa5a,PIPER
ae08b8b7-9f4a-4196-bb69-4265a347147a,PIQUE
072113c8-913e-47ee-ae8e-0cb33726514f,PITCH
0d1d462d-e326-45db-af07-bbde77572619,PITHY
e61328a9-ae84-4aa8-8b2c-c96417f32d3f,PIVOT
a746df13-290a-4eb6-aa33-b803c3bcf7c9,PIXEL
54fe19a6-fba6-4333-ae3c-7bca001a7e63,PIXIE
121f52aa-8c2a-49ad-b247-af76969c4723,PIZZA
f30c55d2-aace-488f-ba3f-8e7ffbe69c97,PLACE
7177b0bd-450b-4e9e-8129-eef329670e80,PLAID
5ae2254d-d36f-48de-b36d-bc8556b2fd64,PLAIN
67271930-3ceb-4a81-85cf-18a4637a471d,PLAIT
6a8e9630-3eca-4426-aee5-5c85b7843799,PLANE
f641981e-7451-4e7c-83b7-43177aec855e,PLANK
c1264380-13a9-4467-b7a9-0e147ab9602d,PLANT
27ecff9a-b21c-4289-904b-618464e3d288,PLATE
d0ff78b1-e25c-4820-8892-53232f226073,PLAZA
c99c32e8-333f-4a7c-8327-07af4a367f8c,PLEAD
63d5fb6c-e804-4099-bfe7-e54ae9c6ea74,PLEAT
30ead17a-066f-4638-a410-580e9ab58699,PLIED
6114d530-cba2-4ecb-a16c-7f1e8197740f,PLIER
0d930342-604e-49b3-b857-a46fe802528a,PLUCK
76e8da47-3877-4806-8861-1537519a2d28,PLUMB
6337431b-6069-4282-bd64-b5650250bfba,PLUME
cc90b597-9101-4e88-a0ba-dac9d2d8a4ac,PLUMP
f68d4359-fa4a-4220-998a-440afb9396f1,PLUNK
2fff458f-11f4-41b3-8b7e-09894ae3acf2,PLUSH
a64fc2b5-acea-4843-823d-e8c6499f106b,POESY
1466f1b6-c638-4e25-991f-fa7ccb14ebd1,POINT
7781bed9-5cc4-4377-9aa2-0c377ba4421d,POISE
d957198f-61c6-4c55-b803-c19ebe001e1f,POKER
6aedd3ed-c550-43b0-9773-b2c4525187bf,POLAR
8dea8105-91eb-4719-9b8e-79138c0bd90c,POLKA
213fcbd6-c534-40ab-bbb2-eb5eec94c01d,POLYP
d5897aa6-6ab5-42d8-b78b-5e41edd8f99f,POOCH
147bb173-c2c2-4475-b11b-06fc0b09c1da,POPPY
ad2591bc-9418-423f-b965-87adbc3b9d57,PORCH
ba79196a-1f0b-4ab6-82e6-57b9009ceda9,POSER
341664bb-3433-4ff5-afd4-5f0d1a51ea62,POSIT
633f841b-8561-4746-baf6-f36dc2ce1590,POSSE
6385d375-7aff-4e1e-8927-c23980dba1df,POUCH
ea8e27cf-2053-4e40-9232-96ac11299b96,POUND
2a22594e-2a93-4d1f-9c0e-1d0915291490,POUTY
ccd0390a-f1b1-4f85-936e-dcdac16aca97,POWER
38c18a6e-ed15-4afd-8dab-b30909582759,PRANK
c5e565d0-10eb-4a98-ad4b-5a435b8b86b8,PRAWN
d4ad6cf5-8d45-4c4e-9c88-bd718187ede9,PREEN
bfa3b055-6e97-4358-b381-e323fc6cb8ec,PRESS
0e50c51f-d217-48fc-9fdd-62f49d9688d6,PRICE
c463a837-df4d-448f-9789-1c419ad4cecd,PRICK
ee84b9c2-378f-4117-b8d4-3c1d9d319cc3,PRIDE
776c11ee-dec3-423b-b264-ff3b182a451a,PRIED
87b3d4d3-7ad0-4b85-b576-d7e56b23b5f6,PRIME
6e5ce640-c924-4efc-8884-bc019f79f379,PRIMO
428e3997-258b-4ba6-9ee2-27e65814a462,PRINT
cda04132-4176-4e83-a9bc-f8d26418bc37,PRIOR
a5e0d0ff-58ef-4fb2-9b37-5d037d6457d9,PRISM
4c457287-4603-4027-bfd2-e82d35d4aa3c,PRIVY
98ca229c-b1aa-4cb6-b25f-3ee650f8d735,PRIZE
02b7e78e-d56c-4134-9898-31f70c68d82b,PROBE
066e99f4-9206-4c81-9789-a22194d72f5c,PRONE
b3186e40-be85-4a24-901b-422b84cc5add,PRONG
153491a8-fc11-4bfc-958d-d69ff04072c9,PROOF
dd444525-39e9-4027-8119-a22fc8ac592c,PROSE
f9acb10b-03c2-49c1-9f69-ed9493811b13,PROUD
d39edb80-f79e-426b-8572-dffc2b401e53,PROVE
84b13a8b-75d9-4fe1-b317-e66d58b82f8e,PROWL
60debad7-66f0-4ba1-aaae-179973de316f,PROXY
d0982e7e-5b17-4856-8a9e-efa03d4cdf88,PRUDE
769afcef-97ec-40cf-9339-c5d986becfd4,PRUNE
6dea7e6a-40b2-4f92-8890-7eba291eef6c,PSALM
ac97171f-df9f-4182-ab40-d6ffdcf08c69,PUBIC
10a4eba0-6163-4759-b4dc-1a177a3de9dd,PUDGY
add9d697-fe85-492b-8ac4-8d8abd474b7d,PUFFY
1c50d453-9b49-4c4b-b3db-3893e6a3efbf,PULPY
8c3fdf0c-19b6-4e6c-83dd-d30902f1f729,PULSE
2c4f50a5-7462-44b7-bab6-8dfb592e6bdd,PUNCH
593c8655-2820-4191-80b1-7a187f364619,PUPAL
b865156e-9a04-4153-9fd1-64b9c88dcece,PUPIL
a3168ec2-4108-497c-b562-22ea0c92cfc1,PUPPY
e6c36811-9915-4123-aa99-1187cc313be3,PUREE
0335fb19-5a36-4453-8c9c-add5a983817a,PURER
b47112f9-d4ae-4603-8e53-cad9c761aab4,PURGE
eea986d2-f7d4-4743-97fe-885ce219c899,PURSE
f6a956c3-09df-4062-877d-7f62dd1c65a4,PUSHY
03f1594d-f790-4c65-ada3-a316a9cb30b3,PUTTY
bbe4fdf5-427b-41a2-9639-f7339bdf1eee,PYGMY
787736c4-882a-4c45-8c4f-433b3974db74,QUACK
31eeb323-1cd7-4337-9bca-d4a567dc8b70,QUAIL
d7c1643f-3199-46c8-8288-c2e0dff930f8,QUAKE
98196e9f-595f-406c-9c75-40b6411fc94e,QUALM
fc8bab2d-2176-4e9c-9ae7-893287fd82d6,QUARK
7d11ea5c-267c-47e6-9172-7947cda7680d,QUART
f29d3f90-db3e-4514-9422-642fb34c2b13,QUASH
2ddce222-9e99-4110-b263-009870a3198f,QUASI
20ed2964-864e-4ff5-b6bd-6a8f063a1777,QUEEN
fefdbe25-d9ca-4a17-bc08-0a38d8f19148,QUEER
cc657702-d878-4c09-b53c-211738cea6e9,QUELL
82adfb40-351d-4654-9b1f-f13034116a20,QUERY
4a54d2b7-bfa6-4822-bac6-db58f46e6cc4,QUEST
21ecba0e-1694-41a0-b187-d5e371c3e8f2,QUEUE
6445d059-6303-4832-bd04-f8bae6e71b47,QUICK
59b17785-ba41-49d8-a199-b1553a5cb022,QUIET
e97f6d28-4686-4b0a-8cfa-e87a6ae08886,QUILL
c1bc1ac3-7b31-4514-98a8-ef72b822e8f8,QUILT
a5c1e978-d9e5-442f-817e-e524740bd904,QUIRK
65e2637c-96e6-4b4a-a12c-f0b712c0fbfa,QUITE
80a23f16-4217-4eb2-9318-644d9e5c2297,QUOTA
ad834f5a-540a-4b25-bac3-d29c67b21b8b,QUOTE
ba89a7d3-6e6f-45da-ac8d-6b63183183d9,QUOTH
fca712f4-c92f-422c-8d13-6dbf3b652c4c,RABBI
83863511-1494-477c-bdf2-b571d7d57f39,RABID
9593a2a9-3dd8-498e-a569-7da961433a75,RACER
5aacfb97-a9d1-42e2-adaf-2bce032c5d3a,RADAR
c0bd73fe-a830-46bf-87ef-20708275d941,RADII
29f39762-8a67-4390-9c19-c01fcd1a0d45,RADIO
255d6650-e332-4ead-9db9-56331e5e3e25,RAINY
8ea5744d-cbe3-4a1e-8309-53f03e5d19b3,RAISE
ce0b1679-6d99-41f9-a639-ca5a0ac593c3,RAJAH
fa1f36d9-3f1b-4e95-adc5-9a7915e19d4d,RALLY
02f7818e-13d3-4155-af8e-cb188d068db4,RALPH
ce935130-e7fb-48f0-9991-9608b91fd159,RAMEN
28b51ef8-e50e-4f3b-9b41-9310dd2bb645,RANCH
3bbae4ad-5a41-49e9-80ee-ff29059b537f,RANDY
1121c7fe-28ff-4e20-8a8c-d5cc9376707d,RANGE
6eb9acb3-4eea-44fe-95c3-a40bb5852e24,RAPID
c96e3f5d-84fc-4728-8647-3ac61413d21a,RARER
bf52e0a9-edb3-4679-82a9-8d7eea358f15,RASPY
a231c35e-db32-488d-8a23-6bd4158c0e75,RATIO
8567e40a-35dd-45b4-aa6f-508706450ce5,RATTY
6e9138b0-1a60-4ff9-ac53-7f29016fd8b4,RAVEN
5eb7f577-8a7f-4bab-8840-a4bcd96ae47c,RAYON
ffcd7937-5151-4658-8f07-dffcfb67bfd8,RAZOR
d449842c-f926-4bcc-8d31-c8688b302a92,REACH
2585f4a2-6aa8-4384-9dbd-e8548d5618b0,REACT
69aa2070-068c-4d9e-8c0f-82eb11435f17,READY
1a5c9fc2-2fd1-4e12-9932-e830b0f2cd09,REALM
a3e68ecf-4110-4998-b3bb-83aa8c1eace3,REARM
2e581678-8b9f-4764-bcca-5f9a5310429d,REBAR
9b4f5adf-cd9a-45b1-a399-1bdf51642704,REBEL
4845d0ae-41f6-4bf6-885c-423fbcb3960a,REBUS
a1e49197-210b-4b44-9bf9-81fa6463266b,REBUT
0770171d-7262-40e6-a955-1d450be43cef,RECAP
2d8e1145-1606-451a-a33b-f3fe91c6f6c7,RECUR
cab8a702-42a0-4d7a-b125-458a0649b5ca,RECUT
788b2f72-a631-4adf-89f3-0bb978bec9ab,REEDY
20d64bd3-76dd-45b4-bf3a-d96b06eea853,REFER
3a8e46d1-a191-471d-b889-806649a68001,REFIT
fc01a4f9-ab3a-4fe0-8569-062e9222d288,REGAL
aa862c89-d9c7-43ac-a49c-53d7bd1085ca,REHAB
b98f9e06-445a-4d04-9624-443f54529dca,REIGN
0eaca1ba-56a7-4984-bac1-e92474ee0b0a,RELAX
87b85861-2663-4a78-8d78-54afd8a166d9,RELAY
8e2fe665-c774-41ce-a3a4-11a0a7e699c7,RELIC
be91a587-c69f-4214-92c3-932d256f015e,REMIT
bebd222a-895c-4746-91a4-828efa006934,RENAL
114c47f3-2f54-412c-a63f-2e4094e106f7,RENEW
67b7b291-1d75-4339-902c-f931b19528c5,REPAY
36483f64-543b-4ad6-8d29-8f4a66cc30b0,REPEL
13e1777b-e988-438c-9207-29209a98b5a2,REPLY
52cd049c-61bf-4dfb-b872-46b6f167e871,RERUN
1bae740e-5af9-4cc2-84d4-c908f184564a,RESET
31091620-49a4-4662-984c-03cbc557f5da,RESIN
9ec89641-37cb-4a22-964d-8a33dfbdafae,RETCH
ade44895-c99e-411c-bd6a-9a50bea2c107,RETRO
ff556477-138a-40a6-8d4c-42731300e565,RETRY
9f3c32e4-408d-4a47-887c-12cf3c7e1e92,REUSE
843cf94a-c423-4068-8e4f-a57f2be09d2d,REVEL
57e22c31-82e7-4532-a14b-ea06c1c8df51,REVUE
92b78e46-6540-4ae3-b2bd-c635b4680fdf,RHINO
9cbeded3-28a1-4211-8e0c-eb55e0b27d8b,RHYME
cc939fff-98a7-40ce-802a-1c051aec7b41,RIDER
baf96997-1626-471b-8170-ad09648f26b8,RIDGE
de9eb73f-1720-41f9-a56c-48b2feb764f6,RIFLE
29e13a75-fff7-446d-8b65-16c92e88ee78,RIGHT
3d7188ef-5bb3-4b74-a216-870f6c967d67,RIGID
fc2a1aae-f17b-47a2-8896-65f3a5174a10,RIGOR
e88acf55-e450-43fb-88e9-a107df2f54c8,RINSE
23f39bf2-1706-49ae-8310-0cd35d3bf9bb,RIPEN
203ee856-2968-4851-960e-6248c2d32d50,RIPER
a7ac0830-721e-4236-9918-560cd7c2b05a,RISEN
1cb14a08-35a3-4189-860d-dae8d8d3f012,RISER
d9659a1c-3e9c-4f8a-aad0-9ddfc8e033e6,RISKY
48aa9b3a-1829-4525-961b-97fcaa80ae5a,RIVAL
94ccc01f-945e-4f89-bc95-b06c8911bac3,RIVER
83008daf-6050-436a-a6c0-946b810f06a1,RIVET
03f4a859-7076-4711-84d7-cbba299293a3,ROACH
779ccfcd-8262-4ebe-b6bf-2efd436fec9e,ROAST
55a905e0-c122-4afc-bc9b-127f11751c49,ROBIN
2d74b78d-2158-4038-9621-ad07f1e6c6bd,ROBOT
6d2c9b97-43cf-47b1-ae80-530312b85e60,ROCKY
c887e555-784b-4398-a1c0-0614f06a5f1f,RODEO
0463e24f-a1fd-436b-8d33-9fc6ca51df80,ROGER
fbd99206-2d62-41d5-8b99-d9ae5d5e2906,ROGUE
478dac38-62ca-4ca3-b8f0-dc70432385a1,ROOMY
86d6e249-4b1c-4307-ab17-88e3bc74e275,ROOST
63e689ab-3654-40ec-8e49-293b8c8b1adc,ROTOR
7a7d6c01-c197-4829-a693-e2d23657ebd3,ROUGE
ac1541bf-9a3e-41e9-9393-490d675f880c,ROUGH
3344753f-c198-49ef-a0bc-3bc08266cacf,ROUND
007a8da9-23b4-41ac-a658-f4859389af59,ROUSE
2699b32e-48aa-4c34-b913-7f857f4f1439,ROUTE
807f0350-8c4d-44c8-b407-907f7bf14c10,ROVER
e3fd8c67-326c-41a0-ab9e-e7ee22b998b1,ROWDY
f6ce57f3-9c19-49d1-840c-fdfeb872489c,ROWER
d5f1df21-cfa9-4197-a7ec-270a48e338ae,ROYAL
fc6b7cb4-426f-44d6-92bc-9fc45c59bcbb,RUDDY
224f6e92-7116-4e57-9003-4c50629f1ac8,RUDER
c0df6792-81d5-4e7b-976d-742dc4dc203b,RUGBY
6023763f-391e-4914-9a3e-292357de70d8,RULER
d40f966a-d408-4a3e-b465-04c945be0dda,RUMBA
1024e26f-e1ab-4533-b3b6-c7508b346fa4,RUMOR
f5252337-9337-46ae-b126-407ac605ef74,RUPEE
e4a19baa-408a-4c0d-ba27-accf80883d3c,RURAL
3910379f-2145-4077-8b53-ceead97a6a7d,RUSTY
63896495-7cd2-4db6-917e-34e9578352f6,SADLY
f93b528f-877f-4b28-aeb2-17c9fd996e9e,SAFER
77c6182e-f582-4212-8761-938769369a90,SAINT
236a6737-3af2-4839-857a-c498469dcc51,SALAD
572622ff-814a-471a-adc9-2912d09e146a,SALLY
e03c2254-7b70-423a-a026-73f7feef896f,SALON
313a0312-5472-44c3-900c-29e4bf02a031,SALSA
c51358d3-9dcc-4f21-99aa-706ac7ad7085,SALTY
08ae0b15-7c4e-4144-a344-7c9836620847,SALVE
0accdb2b-82f3-4888-b3f5-79c05ffac21f,SALVO
5fc608fd-45cb-4eee-9f7e-65edd5862049,SANDY
539f8e31-6459-46a3-848f-180409bb76d0,SANER
00189e95-6b2e-4a36-95c5-ec9e9cdbdf6b,SAPPY
b4fc62c6-6b5f-41a3-a0a5-3a54b6e723c7,SASSY
e26bcb05-541d-49fe-8d35-c31f3464199c,SATIN
126ddc61-de9e-4d4e-a3bd-8ca179abc1df,SATYR
ec60f3a4-7ba0-4993-a305-c5d755cbdebd,SAUCE
ae0ad793-727a-4765-a91f-cc929c09e43b,SAUCY
aedfbb2e-2608-4aba-bd8a-7f0ced5d6303,SAUNA
eb981056-a32f-4aaf-83d0-8eb9b843b242,SAUTE
6b4ae3f9-5cb4-4616-b36a-172c3e0de636,SAVOR
958f1229-8f2b-435d-bf5b-67ad83d13a89,SAVOY
809cf0ff-63ee-49ed-b8ae-79559d950bcc,SAVVY
3d7e7b9e-a279-4bdd-982f-d409883bb411,SCALD
0e089517-be26-4f3a-8beb-263c508e9504,SCALE
1a5af750-a3e9-426a-8871-cc61022e3afb,SCALP
09a20065-6599-4a1e-9459-eeae0e17e8f6,SCALY
9313f9af-a9c8-458a-8166-8ff126277b00,SCAMP
7a9d1885-ab9b-4ff9-b802-30ed2db409d7,SCANT
762be7ea-d358-49b8-8a40-3bf1b0468fff,SCARE
fa0b5d64-e062-4890-a813-e3d87b3992be,SCARF
02b41bab-4fc4-424d-aaca-cd372fa38199,SCARY
65a268f0-e017-4797-8029-886097fbfe0f,SCENE
2c8b17d2-7b7b-4066-8425-b376241dba75,SCENT
b5b83e5f-13c8-4f3c-b18b-f61afe950a92,SCION
ccbc1aec-b3e3-4e8d-926a-eb8f09a57d2c,SCOFF
6245228a-fc74-4060-98ba-421e3d3572a7,SCOLD
f70a0821-f5d2-4704-a74c-c976b7a1cef5,SCONE
4150f077-998e-4365-9059-db6f010c24a4,SCOOP
e45c6b44-f37f-4908-bb51-8b55eea3c87e,SCOPE
eac53984-23b0-4a53-99ef-9e71e02b0a46,SCORE
f9435ee7-4e67-4e39-add2-b5247d1b710c,SCORN
ee01bbdc-2d73-4c87-ad9b-551e695a6483,SCOUR
e8cd4d52-7863-4a5e-a580-b8ea30b3ed7b,SCOUT
531f64d2-fb73-4ca3-8e76-71b7730a59a0,SCOWL
75379a16-56d3-4b50-a8e0-beb4e94afd29,SCRAM
fdd06085-a33e-47ec-b71f-0a116f320b77,SCRAP
df7a5a77-6e0e-452b-b8f3-b1640a3c1be9,SCREE
b1af8bd8-d9e4-45f2-a5bb-899fbe2f7fda,SCREW
127d3722-eda0-4b55-8fb9-eb9a698fb307,SCRUB
5b624b66-67c1-42d1-9137-1204eed67e7f,SCRUM
9b25b86a-c935-439c-9d03-dbfd33eabd1b,SCUBA
e76e37a7-52ba-45d1-ba4d-293a1cd44532,SEDAN
78e4d120-f684-4a3d-afda-b27894c281aa,SEEDY
c016df57-ab1a-4ad8-99cc-d3716ebfcf37,SEGUE
c5c450a6-de63-4882-b327-66ae71562e9a,SEIZE
e2f2b192-8a33-4d02-892a-64b35b457617,SEMEN
ee5c3b62-ee67-42c0-9f2b-908bec7a96d2,SENSE
0b576775-db96-43ba-9604-4c260ea650ea,SEPIA
517a466b-e665-4f47-9ddf-2f59fe56e91d,SERIF
ec4d3cce-2653-4f27-bf83-7a6586afdb12,SERUM
ef43f734-cf23-4841-99a8-7d734ac35550,SERVE
dca5d675-2868-4a10-9830-4f5fd531b9c8,SETUP
55fee005-8bf2-44cf-aa89-a1b204d99a41,SEVEN
d8cd21e5-8499-4d15-ac83-113367bf6eee,SEVER
c3ca5f7f-7f27-40cc-a6c6-2456b933092e,SEWER
57417289-d4a9-442f-b4ec-93f407daa3ec,SHACK
642f4041-bb8d-4f67-b362-ff0c98155676,SHADE
b47524e1-a4cc-4347-9d9d-cb7f980cbd68,SHADY
c0deb624-4059-4cf0-9cc9-5067c7cbe5e0,SHAFT
c00db593-7e61-4759-a643-af8169935dc8,SHAKE
3a301fc3-e6db-4f0d-9d85-107332c270b2,SHAKY
8e5099ec-e001-4760-b8ae-fa398f1d3f29,SHALE
0ebbf346-82ac-4592-acb9-482fd4b7409a,SHALL
1f60bc5a-1589-42bf-ad09-904ba950203b,SHALT
a3a4a664-1677-4ba0-9e1f-5fea80aa1894,SHAME
b62034bc-303a-427d-85d5-ba5bd97509bb,SHANK
b446ccb7-ea29-4bca-a085-e14d955d2cb0,SHAPE
9ee236c6-727b-4a61-8a1d-bd8ee2c66747,SHARD
a8b32e7c-a2e1-427c-973d-61285b0274c6,SHARE
f94b8fec-7c10-4d17-9b9b-456ae54bb6b4,SHARK
70d137a4-8630-4311-a069-4f0a25f8721d,SHARP
24350584-5c70-457c-8371-e6f3fb2adbb3,SHAVE
adec4480-2c87-4a99-9c28-868c828d869b,SHAWL
76fd43c9-c0ea-4787-8c38-a7c1627d0421,SHEAR
224871b0-6815-44a9-8286-a5ae62626f35,SHEEN
294faee9-264d-41ae-9806-b82eba709a04,SHEEP
16286a1d-d7e1-4ffe-a5f4-003cdfe86d68,SHEER
36eba40f-3676-44b6-acd0-b608dd7a4f12,SHEET
d0eaf899-134e-4613-b0bc-39ae09815e80,SHEIK
da712bc9-4baa-41fb-ba33-0620b7ab166f,SHELF
4d8971b0-51ed-4cc4-a49b-d6e6b07c8daa,SHELL
cae1c3ce-980e-45d8-a853-8809975da10d,SHIED
fddd7b7b-5d9f-4b1e-bc1e-e54cbc2452ed,SHIFT
dcb8f4dd-31cd-4f05-99b6-3269495979c4,SHINE
36eab77b-eede-4797-830c-f3c43162d9f0,SHINY
0124ccb3-8965-4e56-ad39-1e53906c0415,SHIRE
20798c2b-d5f3-47f0-8d7a-b0993f77e7b6,SHIRK
4fc2c036-4f07-400f-bbfb-f3b408b6ebe9,SHIRT
ac381ccd-d16f-4be0-a0a5-7c4bf3cbc5ef,SHOAL
a06cf572-33a2-4da1-a7be-31edb20f37f4,SHOCK
8755abca-24d1-46f3-9713-4c04d0206308,SHONE
4755e739-0805-45c4-96d9-cf26c93b44ce,SHOOK
8fe80648-a27a-4a28-9533-0c6fdd168125,SHOOT
0932fff0-d9c2-4b6d-857d-8913bfb2c4f3,SHORE
20432b51-560f-4829-b9c5-68b2d1d5f946,SHORN
dcfe3833-950e-4614-89be-365d59bf6eef,SHORT
c47edcb0-b295-4f2a-9e78-6d8c03da057a,SHOUT
6ebd97e4-6003-43a4-9d0c-1364899a3477,SHOVE
18c0acc5-5d68-4cb5-9cc3-8f16e5d77c5a,SHOWN
b63f0ece-055b-456a-9c7b-b3de34ba0022,SHOWY
91736ddd-dccb-4d0b-9b3a-a3ec6b067027,SHREW
96d4b8c7-a4a8-4102-a3d8-d26e7d76ef13,SHRUB
22bbe723-5342-4b04-83c4-17ca6342ed5c,SHRUG
29dbc8f8-26fb-485e-9372-77571d9ca33e,SHUCK
47d00ca2-eacf-43b0-ab7c-a7b7d4d6c6a5,SHUNT
761acd39-c5b8-46ac-adc6-c9925b1215f8,SHUSH
68380b9d-ddbb-4de1-ad17-a64afecace24,SHYLY
022cb0a0-8d07-44d8-b749-88afba95bce6,SIEGE
fe5ebff5-2fc1-4647-94b6-77916a6c9804,SIEVE
594b0f80-8e34-4ab0-b726-3c2ad9e172bf,SIGHT
d8f5316d-6222-4bef-bbdf-f2f946dacfa1,SIGMA
5f1567f5-0822-4f2e-83fe-f621325d0ce9,SILKY
ab99828f-c24a-4606-aa2d-f16fb72467bd,SILLY
bceac4ce-00eb-4fd9-9875-445dc112362d,SINCE
71bd6607-3619-4579-9383-eca7c34abda2,SINEW
dfaea347-fc38-400c-9af6-65a688d03d96,SINGE
baf398f2-0089-4a0f-937a-63fd99931210,SIREN
9b1b494c-3e7f-4119-b3be-d8a667b389a3,SISSY
42f87ca4-298d-4064-a0d2-862270dab289,SIXTH
54e10622-5063-4054-93bf-983efae88ae1,SIXTY
b5b680de-df82-4e50-ae8d-d2e720f0e4c0,SKATE
4bbe5c2e-b9c3-48dd-985a-a3f683e8e393,SKIER
6842d0e3-2978-4708-8bed-8bc670bad639,SKIFF
af934284-8788-4f5d-bcbf-9c573fa6e61a,SKILL
101358cc-fb42-46c3-a71a-302b8872bfac,SKIMP
61757942-7088-447d-ab41-5a9b2d641e3d,SKIRT
149b58d3-a8fd-4808-a4a6-6442aa62d998,SKULK
621bad31-13a6-4d7d-8099-941dec2918eb,SKULL
a41ac157-7d9d-4c2a-8f44-20489576341c,SKUNK
fae34c64-d2c6-4d0b-8205-1de7f803a1a5,SLACK
13a36cdd-8e7e-4c2a-a187-fb5fb52d8aca,SLAIN
5871b99a-0a5d-4525-9f31-d9d5ec424861,SLANG
0e6c751f-1ff6-4b62-b35d-9a9f48438347,SLANT
cf85b77c-20e9-4395-864a-852fe6341076,SLASH
a1be8032-33ac-4ae9-9eeb-cda468b7583b,SLATE
b35ab557-36ee-482e-b7d8-61d6a7c5447f,SLAVE
6a360396-59ba-4ee0-a703-ddd54207bfa4,SLEEK
6a7d7519-f3da-4290-a1ad-4c0a511f292d,SLEEP
060041c8-7cf9-49dc-a186-6def3cedf3f1,SLEET
6ae98530-12ce-4ee0-95a9-d9ee4b7e4aab,SLEPT
69f8bde7-043e-4d64-83de-e36375d99637,SLICE
4ae90327-8087-419a-a87c-5a2a09da0eea,SLICK
024542c2-9b29-4767-946b-26354c34bbc5,SLIDE
e022086c-53b5-43d6-8257-6f9ec916b2a1,SLIME
d5c6654f-58f7-4469-ac55-9f715bb72828,SLIMY
cf8099bf-9931-485f-83d3-c7a0fd6c4fde,SLING
eb1a6a22-eee2-4f6f-a7e4-e24db80be42c,SLINK
9ed9c7ec-be57-4f11-a722-7aa8c4f737cf,SLOOP
6db0b218-4586-4ec9-9e37-b6d85ef5b83d,SLOPE
01f4cbda-f42b-44e3-8c18-386768a74ba4,SLOSH
c88e9dc4-069f-4404-9638-f5a64e65f544,SLOTH
284af445-fa02-4c56-abb8-e8fb2b7ee5ae,SLUMP
1ab86d2a-c655-4daa-beed-8fe14da9c6f5,SLUNG
9218ed7f-5deb-49e5-9501-2aacb1bf49ed,SLUNK
3e509be2-94f4-4926-8e3e-0358b63058d1,SLURP
95573be2-6000-4a9e-853f-3f4cf1254b50,SLUSH
ac12e75f-4db3-4e01-9d75-62f01170127c,SLYLY
ddae734d-ff1e-4de7-8988-af420e797b29,SMACK
4a24f001-d065-410e-a595-e9afa58a64f4,SMALL
298f4c77-5a5c-451c-8d4b-bb215c123ee1,SMART
715d65a0-1f9f-4845-856f-ecf769a15b1a,SMASH
bcfd9240-57a2-4f88-87ed-28f029c8f086,SMEAR
02ebe9d4-ed24-4b03-ac77-234f69d5955e,SMELL
84378340-d684-4948-a845-d65d4c76d69a,SMELT
5a99a11f-8b0e-4b25-b749-b37421d1f5fa,SMILE
69a40844-c724-4526-9eba-0762e2c335fb,SMIRK
d220c73f-beff-40f0-8531-91715a7e13a9,SMITE
38651fe5-9cb3-4248-983f-30d4dc8dc5c7,SMITH
be50e1ec-12ba-4501-be65-9dc77e4c5445,SMOCK
9e51922b-af16-4f7e-89fd-6b7c0c7b8943,SMOKE
8e57e384-6f57-4ceb-b0c9-c58ceffa4482,SMOKY
a2f2cb4e-061f-49ba-8645-f5af7fedd36d,SMOTE
2e21e907-c8eb-4024-b6dc-833ee9918754,SNACK
4a749422-f304-495b-8e71-2358ba6e7f5e,SNAIL
e14c18d2-654d-4226-a73a-d8ef77e79524,SNAKE
7cb1802b-caa0-4f6a-ba51-711861e28afe,SNAKY
4964fd22-9828-4099-a7ec-f9da6d0616b2,SNARE
78388bd3-362b-4e3d-b694-78d6be349659,SNARL
fc6fb7d6-169e-4c07-90c9-63d6dc2191eb,SNEAK
d3326530-fb22-4c8c-8af1-e4b2af77143b,SNEER
b89e97f7-5495-49ca-9fe4-f8c4bfa2afa7,SNIDE
f58d2da9-6000-4088-a07a-d5da7c55e099,SNIFF
4b644a0a-697f-4397-b011-f4d0aaaab8bc,SNIPE
e09dad40-5ddc-468a-8759-dfb575cd4173,SNOOP
3dc2a69d-23b6-4ee0-879d-5ed3a5b233e5,SNORE
3b3ed08f-e95c-46ee-b9a7-bad316a33d26,SNORT
4cd337d8-2fd6-447c-9635-fb0cff648dd8,SNOUT
56ee9294-e3cb-4f66-924f-4cbfaf52127e,SNOWY
f685092a-b9e7-455f-8100-ff75dec61d92,SNUCK
d068a3ab-e887-4452-9e69-daa8c190f5b8,SNUFF
f2bd3f5d-2ea1-46dd-835b-249eff647875,SOAPY
3a88aa5d-51d2-4ab4-b298-189f5a89fa70,SOBER
b6a8d734-897f-439f-ab16-0127e8263c74,SOGGY
e8c4f549-2b45-4077-ae5b-32100e84326d,SOLAR
3779bce3-8c9c-4523-8c8f-c67fcc82e2e0,SOLID
693a08bd-dcec-40d8-ae50-9711318d3e9c,SOLVE
b1536a6c-883c-4b0a-b3f6-03c68fbf401f,SONAR
2b11ccf6-6598-4855-aa9b-7746e13a4f93,SONIC
b06d7935-ca4c-452d-8d69-dd737b1d04fc,SOOTH
ddc49dea-b7ad-4cce-8aea-3846c1c0bfdd,SOOTY
bb7c782f-dadd-4ce2-a4ea-9b8d8a04bf93,SORRY
794d3afc-79a6-4408-b0af-5ae389dea4a6,SOUND
f47e2c2c-0a67-4911-8f22-4f3734f6c5d2,SOUTH
5182d281-7f81-48f3-adc1-9801a7104fb6,SOWER
1954605b-dc9e-4cf3-b646-7821f1d23c11,SPACE
df11c3e3-6927-41e2-9a2c-8179faaf93e3,SPADE
b624b366-92da-40e9-9c0e-727e88aae66b,SPANK
39c6d768-3572-4aad-b528-5b4b9baa7f14,SPARE
6fb9bfdf-6453-4369-8941-9a5ba0c850fc,SPARK
ecc08ae0-ac80-4dc5-a2ab-35d1c17dd733,SPASM
f2e1b59c-d79f-4e96-bf98-80a95af7240c,SPAWN
69ab10c0-36ed-4c83-ac29-4274cec80f8d,SPEAK
472dfb77-84d8-4f02-bcdd-a7c01318f4dc,SPEAR
3b855918-62fd-400d-9f5c-c68018321ebd,SPECK
f3c0c039-678c-4abd-9c30-ffa4c284e90a,SPEED
42dde999-fe21-471c-abc9-9df15f0d39a8,SPELL
29e6243c-5569-4c17-ba9d-19963f41d261,SPELT
be714c1a-4579-44a0-9fac-35b6d809472f,SPEND
23d0a314-c388-4b51-81ea-a3436d54a3cc,SPENT
9e54ced2-b75e-48b6-99e0-3c8d783dcf3b,SPERM
9fd79649-3ecd-45b0-9353-b8c920994a63,SPICE
8be2b4d1-0dc1-44dd-9b41-922c3e140f10,SPICY
b8236c8f-991d-4cbe-8902-230f4a5d61a5,SPIED
4c7c90dc-13c5-416e-9bdd-45104df2dd61,SPIEL
da30014e-0e4e-4975-afd2-8882c4e84b18,SPIKE
43c639c9-7238-4c68-b685-a7c6f87d406b,SPIKY
59076d3b-f20f-4a04-9d9b-85941dbe6ec1,SPILL
e60417e1-421c-46cd-9c01-62d2d123b8fa,SPILT
5e63590f-2c91-45ca-8ec9-2f3d4285eab1,SPINE
277e50c4-9f61-4993-aa4f-7bf79377940a,SPINY
9d5b0c1f-d570-4d9e-802c-546b7fad2ec8,SPIRE
dbaa17fb-f4dc-4b66-8be7-565b4e063fc0,SPITE
34466860-a503-4ece-905a-0bb346ab226f,SPLAT
7b5dd32f-9177-4245-807f-59e971f921e6,SPLIT
4989453f-6f47-418e-b6ef-c42638fc8b49,SPOIL
c121f508-87f6-4139-b946-db56d70b7be6,SPOKE
adf845d3-74c2-4999-8e4e-1eecdabb40ad,SPOOF
76d087ea-577b-42a9-ae26-f4412b71ef2f,SPOOK
62862ef1-1638-4838-9946-a2e5f5d8a927,SPOOL
390d5bde-6f40-4b14-ae2f-893183bc63a2,SPOON
d101a2f0-1ba1-4f9a-b1b4-1110b05d6e6c,SPORE
6d497012-9d6c-4473-9924-6469582546da,SPORT
9b3c0e2c-2941-4420-b73d-b916c2286d05,SPOUT
b6631d1e-1f30-4559-81d0-faea4b6f7472,SPRAY
07eec27a-2477-41a3-b0bf-c0f3a9577ace,SPREE
9e75b178-db33-48ad-ae63-d425a2ecacf0,SPRIG
9bbb6a67-42bb-44d0-9b8d-3dc68ef175a2,SPUNK
c8df7085-ad65-4136-9557-8aa6b8670688,SPURN
dcccb583-57f1-4e04-9902-00e5f72a036a,SPURT
3da96ed9-30c5-4db3-aa8e-267cf35c3980,SQUAD
a3a55703-d5aa-43f7-a3d7-92b0a395df1c,SQUAT
f9d46431-e6be-425d-a241-e224e849b70d,SQUIB
806630b1-8b0a-4b45-86fb-367fd1bd6e01,STACK
5707cf53-92cc-4d29-847c-07ce431a9704,STAFF
bdea2b29-71db-4006-9582-4cbda8693c94,STAGE
8c66c125-4c15-4068-8553-2a1e5fc6a2c4,STAID
79db40a9-fad8-4790-a1b2-d197db99c0e3,STAIN
e6fc32dd-4f98-4501-ab9f-0935d821fe93,STAIR
b167ad36-f503-48df-8c7d-333262eacfb8,STAKE
562730bd-94ac-432c-8a73-8cbc0019f120,STALE
176d95b7-b64e-4d64-aacc-32062ba47e70,STALK
0d5603e0-6b0d-41fe-bd11-2b6925dd615e,STALL
5735d4d3-bb0d-4ac4-bacd-75a40d2a7af8,STAMP
94637c3f-3050-4e4a-a34c-3e5e42a2f701,STAND
5fa3d0fb-4975-47b2-a3b2-2be4dac7b9d0,STANK
9dde8583-45f8-4a1a-af99-09f400035a5e,STARE
b8f9725b-2ba3-43a1-9586-b7b254d28aca,STARK
2f836564-ec73-4643-93ad-d4485cef8f84,START
6c264f1c-4e0c-4894-b984-a34a51f41405,STASH
559ee6f8-9340-4c92-acf0-43717d7ce959,STATE
9e424089-3f08-4830-b4a9-01a07564b223,STAVE
14905701-0077-41f5-95b6-3175bb8b00fd,STEAD
6903fbaf-5a84-4ea6-8ef0-217184c0cdb2,STEAK
efd570df-0cce-4671-82b6-2977de60af94,STEAL
339ee735-ddce-462b-89d6-f0fc860a70a1,STEAM
6c9e0652-b8d4-4e71-9feb-606f844d8658,STEED
efa90f02-a0d5-4a7b-8066-d492eb6cc79f,STEEL
624c380b-1771-41c4-92e2-1b29b02bf669,STEEP
709d8868-10ed-4d3f-8cb8-656ffc9a7921,STEER
3f21213e-70f3-4912-b14a-7297aa443724,STEIN
6de280fc-a357-4b33-8e88-4041c54b98d4,STERN
5409dccf-9590-4801-9c0c-502a300ef312,STICK
b8c5281e-4865-4236-8be5-ce4550dc7121,STIFF
a1146a7b-8025-4a38-8379-0c0ef1415ae1,STILL
3126029e-8741-4cc4-a219-210f8e3cb3a7,STILT
9794588e-23d7-427f-af9f-6fa01dc98d30,STING
6115c9ac-5cc5-48bb-9ed0-20eba733f19e,STINK
efbdfff4-a42c-4b74-8d75-57e3b656bafa,STINT
7f0ea8e0-e0e1-48f7-8c05-184722082416,STOCK
a844b894-c341-40e6-8fab-3d8049329fc0,STOIC
70dcdbe3-a332-4d70-ad52-0e5c335d9e62,STOKE
13886ff6-c11d-402e-9bd7-b69bda2a057f,STOLE
aa8d90fb-f2de-4f26-aca3-a4ce834f0220,STOMP
7c187048-7be1-4e4f-ba54-776db931f22a,STONE
3c341891-502f-4b8a-9557-d354aa6231be,STONY
19b1a6d8-27cd-4ce1-b0c6-aa4a1437cdc1,STOOD
9d217bec-1423-4f1a-9ed5-6a5ad1884f1a,STOOL
7dd7a5c8-a2ed-4e7d-90ee-a58118403458,STOOP
b1eac9ee-98e3-4f34-8382-f4c13ce6a374,STORE
90d202c3-ca13-4736-9f44-f821b7aae4f8,STORK
4b71139b-25cc-4365-95b4-2ab5bc9b4a39,STORM
24f6777b-8965-4824-8f94-95dc1a070ac1,STORY
e86cbbd0-2440-4a4b-8c5e-3eb87de4aebb,STOUT
472f39e5-cb89-4616-9ad8-43fa7ef4c40f,STOVE
f5606b91-db23-4ac3-8bc2-597285ffbe29,STRAP
fd0870d7-a064-4a89-8fae-055ad821354d,STRAW
3ac5fced-435f-4441-a124-2f036dbb4b0a,STRAY
d3c70bcd-fb09-44a9-bd9f-cb646d18a50c,STRIP
bf8c1dc1-6a4f-4d93-a221-5b6b7372643c,STRUT
a370d69f-41ee-4df7-9d6d-f5ed83fa4fc4,STUCK
abdc1d05-7e75-41a4-8169-5b9c6d8c33e9,STUDY
5676c9c9-5b38-42f5-8d2a-711365572972,STUFF
4fa7d2b0-14ae-4ec6-92d5-e28f664724d7,STUMP
e85e89d4-1068-40d6-af14-d6f0093c295b,STUNG
c8ec5f53-9b1a-4027-a676-7488ad16c9aa,STUNK
1db1a75e-7baf-4c9f-995f-4ccfbae39416,STUNT
773c07d1-6372-4a76-9b5d-779ad939c01e,STYLE
c01a909c-9531-4985-9de9-8ad8309c3b08,SUAVE
edf7e8a1-bcb8-4de1-aba1-c0752d5a385f,SUGAR
15ce66d9-2640-49e1-9332-149b14b1e81a,SUING
f4446d68-6822-4eda-b84c-a504f5ac260a,SUITE
700189d6-b493-4576-a2d5-30335a8f5515,SULKY
e774920a-a5fb-4036-a1d7-f052b0b2e77c,SULLY
2df9eed5-7db5-41d1-a796-920774f8a27f,SUMAC
abef112c-1320-4873-8273-40d84534f9e1,SUNNY
a19bce11-e846-43bd-abd9-fac8038a32a2,SUPER
ab9ea6d8-e16c-435b-8102-dc1ecc28a0d9,SURER
bf081048-acef-421b-ab11-ed1841507ee8,SURGE
9c4504d7-0172-4557-9f2a-3c669d493302,SURLY
193fdd10-0cfe-4b0b-b5db-73fcb9feb612,SUSHI
51873773-b511-40fa-91c7-bf684a3cc3af,SWAMI
ddbfba77-b133-4a7e-9d4c-46478ec30c44,SWAMP
db64fc7f-f9d9-4d00-add4-c84d3d5ec38f,SWARM
54efb1e0-f9fa-4481-bebd-0047f9c9f883,SWASH
a918f975-3fdb-451a-bf9c-07f9119cf59b,SWATH
2ed224b3-8fb9-4809-a0ad-2fad6940cd12,SWEAR
692ddaac-1ef6-49b0-aae2-cd06ed9675f5,SWEAT
a682540e-c9f1-4509-af2c-317b2a3a4ccf,SWEEP
07835db3-9d41-4bc5-887e-851b4d592e24,SWEET
2a5c10ee-55b6-46b4-aa31-1054d449423a,SWELL
10b82920-8704-4d45-9789-158a7f663a68,SWEPT
9f8e3aad-d49d-488b-bee0-2c7a1c721673,SWIFT
0e227a3a-b7e8-428d-95e0-92b44c370bdb,SWILL
8136b110-b2e1-42c7-b7b6-9777245b323a,SWINE
cf46b1cf-ff68-4549-a5be-6d53f3b93389,SWING
489dcc64-ee4f-49f1-8593-1eba3d44d65f,SWIRL
1754e53a-f847-401f-8c44-21a9500ef99e,SWISH
66a2acd3-5424-4f00-9d37-ac6abfb3aa62,SWOON
1046ab82-c759-4923-82bf-a4c1fd4a1f4d,SWOOP
6647f1ff-e321-487f-89ab-2462dae06468,SWORD
a0b30d8f-f07c-4438-bf65-53f99ccad0da,SWORE
ccd4e20f-25e1-4204-9047-d1c178e136de,SWORN
f7902379-df47-4fd0-bbc0-87f0edbaa8e5,SWUNG
c18b5d88-1001-45a1-a676-590695fa4906,SYNOD
d8f7e7a3-ec00-4e49-9d09-f19e2d405ffc,SYRUP
764715f5-9b41-4c22-929c-efe44e540162,TABBY
9c7c7dad-e153-4b3d-b09f-2fa5bfab9558,TABLE
4c9f6fc9-5016-4297-850e-55acb1f5ae39,TABOO
df399717-efb6-446a-89b2-23d10e4b09aa,TACIT
7a6d52c5-5d91-4d76-896e-69998c264896,TACKY
b88d6900-ee7f-49d7-942a-64484de33328,TAFFY
6f7af23f-10cf-4b27-963c-4fac62cc4603,TAINT
e3d9bb2d-eb46-46a1-bf5a-c96ca2b50c00,TAKEN
11747178-64b5-4cc3-91e6-06030453cd09,TAKER
2a448c07-8bfc-431c-ada5-b88b6e690b70,TALLY
5c4952ea-d547-472b-a06c-2c56f831a8b9,TALON
0fdf9093-15b7-4f2f-9bd5-277f50f09e8f,TAMER
6174b631-8d30-43ed-bfe9-dc1cb1edfb5a,TANGO
50e45c3c-dcd2-45cf-9e4d-82835e8c9541,TANGY
5921a091-cfdb-42fa-ae2a-5dcd46636569,TAPER
c9aa8a00-6354-4edc-a45f-a0e2e56461ad,TAPIR
8022dd59-99ec-4e41-8d2c-fc5e1d717d12,TARDY
1f7ba826-1e69-43e0-9915-68b12711cca9,TAROT
06003bf6-9b28-460c-ba69-4837de0a065b,TASTE
431438ad-a8cb-4702-8fb5-4c85a840dc5f,TASTY
66d3601f-b831-4c93-ae20-06fe7713ae7f,TATTY
cb20f846-f2ba-4f00-a42a-2051fa926000,TAUNT
45d742b6-9465-46a4-b497-99e5e8064301,TAWNY
2cd63143-97b2-4255-919e-7214a601ec94,TEACH
059eac76-802f-47b4-82a8-bd4818c99fa3,TEARY
c9d39639-3e86-47fe-bb15-b3434dfeed3c,TEASE
9e46d2eb-2a8f-440a-9941-2758b0fb6f18,TEDDY
8dfec1f3-2f7c-4cf8-96a5-0d2a4f9c9c13,TEETH
377c7f20-755c-4ddf-b779-fecaa3f95b64,TEMPO
200aea20-2168-4da5-a67a-cf7acd40c9ec,TENET
c1f98fd2-267f-44ec-a3d5-c2003890fcf0,TENOR
23e49bee-7d5d-4876-a0da-9024b683d85a,TENSE
5b809459-4d87-4640-b1a4-df7ee052abc4,TENTH
a3d2a11f-219b-42cc-b621-83377613d474,TEPEE
ce0d5ea4-6c07-47b6-8b13-bbd3973e992e,TEPID
3edba0ce-ba75-44d1-a6a9-b789fe5a0dd1,TERRA
58919e1a-6e94-41d4-a14e-a83de66eea5e,TERSE
c5bb256c-6e60-4e89-af5d-90099ebb1622,TESTY
a312d639-73c1-43f5-9324-e4c1c7640f84,THANK
19d3e6f0-7a32-410f-bb5d-8e9016980ce3,THEFT
246f32a6-63cd-46f9-aeed-f077018caa29,THEIR
320af80f-d575-4828-ad3c-12081eb8acbe,THEME
68b306ae-0bea-4cea-8b6b-950c0c524eed,THERE
fdfe622c-df77-4be4-9ac3-fdc47f762081,THESE
3ef939ba-16b4-43f6-9800-d89bdc5e964c,THETA
e7e5df5f-a9f0-4723-b004-95abd44b1b1b,THICK
979ca0e0-fd08-4dad-a9fe-25780bd5509d,THIEF
d0230206-dc39-4f13-8f73-10a7f79c7334,THIGH
a894785c-dc24-45d5-b720-0eff76dab686,THING
c0711566-a4fd-4d60-a7d6-a38183bfcadd,THINK
91585f17-1cfc-4fac-897f-397faa23cbb0,THIRD
ef7176eb-152f-4d21-9ebf-8aa32f787777,THONG
2c3232ae-9a0a-4038-bc8f-fb4ca66bfa7c,THORN
9d5b208b-d30f-4718-9fcf-cb7cdf151776,THOSE
1f606795-1bdb-4cc2-b7ba-27f63bbcf1a0,THREE
c32048dd-1c0e-41e4-930a-08c57eef7998,THREW
a25b4bfb-abc8-4708-9c11-e42787b7cb01,THROB
ec4fcb8f-21c8-4fe3-92cd-7a26bd32de69,THROW
23604ccc-b694-40ce-8ccf-c72dab4d76da,THRUM
4adae55e-f912-4e16-8fa8-7016f0854d07,THUMB
2fcb0f53-0a3a-4dec-a3ea-3f6adeaaba41,THUMP
a2443e95-f6ec-4c43-8fde-0d86c60a216f,THYME
47901d7e-af1f-448b-bd3b-db06f26e6bbe,TIARA
76a9af11-4d8a-44de-ad5d-265eeaf0bde6,TIBIA
61d29cac-bf64-4e0c-b5fb-754997d3a1ae,TIDAL
896a5363-4d4e-4f35-b7b9-7ff0c1ae9dad,TIGER
500a128c-7cc0-4b74-8559-2e270fe5a904,TIGHT
cf2b5ddb-d069-4cb1-a52e-aa956edb52b9,TILDE
30c94d30-6b3d-4de4-ac65-e5e0c99470dc,TIMER
c7876508-b252-4a1a-9c71-760921ce98f5,TIMID
3ec0a013-8d19-4010-ac30-f849a870a3cf,TIPSY
de8b1d63-5690-4065-a029-80d029689bc3,TITAN
f3655776-8220-43f2-8ed1-f3b803f2ac33,TITHE
bc906b68-2adb-4766-96fe-8fe1a9120fa9,TITLE
2bc6a7c5-45b6-41a2-9fbb-99215f3d4e33,TOAST
22bda43a-5128-4620-958b-f2a48ca74f50,TODAY
7d7074e8-e34b-461c-8079-5b77cdfc6314,TODDY
63913235-b72a-44c1-b090-bf0b240eaa47,TOKEN
90fdead6-03ea-4b3e-893a-b9b30b6c2379,TONAL
b08c9cd4-4d79-4482-9727-81c8230461a0,TONGA
4a085f34-7a7a-4e43-910e-b357c331d01b,TONIC
53871119-32ef-46eb-8990-7e2caeac349e,TOOTH
931a230e-ae57-47fe-bf7d-41636973226a,TOPAZ
3efd6610-cc02-4874-ba4b-d598452aa526,TOPIC
ecf6a006-9cf6-4f33-8bd7-dba0737612e9,TORCH
bd121443-3443-4d13-a954-6de69d79743e,TORSO
f6d446e1-cdef-42d8-a080-c92ab532ef1f,TORUS
ef401bbe-356e-403a-923e-956e03877ad9,TOTAL
795d6090-ef96-482e-aa68-435090ad1972,TOTEM
1b9c05bb-e67a-45a7-88b6-8267034f26c8,TOUCH
59e0e3f0-b4e3-4dd2-8862-0a443868cd1b,TOUGH
4899f875-59e4-480a-bc10-3723a02ae44e,TOWEL
5c2b5c6e-0c45-421c-ba91-fb1dd49eaf79,TOWER
fcecdb92-047b-4bc4-94c4-476c363aa0cf,TOXIC
aa1d8b5a-66ab-439b-88a7-bc5e44f8a2cf,TOXIN
c91b521d-3e7c-49d9-a815-a8e98a1c467d,TRACE
65143189-08c4-4280-94b9-1bfd16d7e65e,TRACK
adccb23a-0ff2-4a3d-982c-5bf05e1d4927,TRACT
0e371ee7-b7fa-401f-abf9-db24286a8da8,TRADE
70739586-42ec-4f9f-82d8-04f7b00a3cff,TRAIL
9e6dc732-ecd2-4bbd-8a30-beafa50d35d9,TRAIN
2dc71218-9a6a-4336-96d6-8d4b5849e52c,TRAIT
88dee0a1-8d99-410d-a19d-d65d281eb93e,TRAMP
e14c1800-1e4c-48be-a935-36983481c943,TRASH
18c48f47-197b-4bec-979c-9a428ad58dd5,TRAWL
72bb6fbe-e5e9-4515-87fb-684e55e6d9c7,TREAD
04f15843-7bf8-4e70-8e4c-82cd9e15a996,TREAT
8911b741-7484-4232-8349-1dcf125a269a,TREND
b5e8ce96-2ac9-4f70-b126-91f14949afb3,TRIAD
ae45596f-e122-4584-bf87-90290da55a06,TRIAL
36e20d7c-6666-47af-94db-a3fa747e6865,TRIBE
9918092c-7944-43d3-bce7-fc3d031a73a8,TRICE
a0c71a5c-738d-4aed-8a4f-5031642f8a58,TRICK
5a38d737-6e5f-4622-87c3-4a2ecaee62b1,TRIED
6f83f404-7bcc-45f8-942f-77bfc7d61da6,TRIPE
c4e9af9e-66b8-4b6d-8fc8-d80c39011fa8,TRITE
36f9971e-950f-418c-b539-509e6936017a,TROLL
0668463e-6a44-4b31-8f30-aabceb245cdb,TROOP
a3ed3d08-b38c-4bde-8937-43963da119b1,TROPE
d2caad70-60b1-44d5-a1b4-cd2a0d936f8c,TROUT
e0421ddd-0203-47ae-a9a9-aed6723543be,TROVE
c5f8e407-abdf-4a78-96b8-34668dbd8f1e,TRUCE
da8d7f35-3873-495b-b225-6477d8e78ec2,TRUCK
3a6dce83-f635-4d21-a5e9-36ff0f006cb1,TRUER
7781a84b-9488-4613-9c5c-461705a83b34,TRULY
5ba54b8b-619b-41a5-9567-48d767ef99b4,TRUMP
cf962261-a19d-44cd-ab46-93b26b77641c,TRUNK
326ade93-195c-4186-8c61-b7844a9164e7,TRUSS
9eeb8d98-88d6-4ae1-8f36-e0d6833f2833,TRUST
6ac3770d-841f-4779-b92c-4d3b4dd7d933,TRUTH
bc758343-034a-48ae-8d9e-3e851344f6b0,TRYST
91d3db62-806a-4fd4-b010-2cbc1e523885,TUBAL
d442ae03-3b2c-4b1c-8c60-5e0df263ee39,TUBER
a0538325-8c64-4c60-bf07-2e82529ff17c,TULIP
9e1a5f09-455c-49c1-8b98-1c1bf8d83a82,TULLE
b584f49b-21a7-424f-b098-3e2ddbfb90c0,TUMOR
8be7a7b3-a2d6-4751-9273-847071d4ae52,TUNIC
1e5dc452-31c9-47ee-b9cd-1832cb324a2b,TURBO
57419060-48d5-4043-8062-0701e89dc644,TUTOR
0492e08a-167e-48fb-acc4-3b9dfd1381b9,TWANG
8f454d16-4010-4362-8cef-aa0da2748d83,TWEAK
c497f15a-4b12-4eab-a4ea-37ca633face2,TWEED
5975b2a7-1adb-4d47-b1b3-b7e1dc5fdc41,TWEET
42498d59-640c-45e0-9ace-55faac2fc674,TWICE
178ff1db-77b4-4b4f-b3d5-9d73d4acdbdb,TWINE
b77d1ad5-a511-401e-983e-046375cf98bb,TWIRL
bcecd4c2-25bf-4cd3-9ba9-0a09c7cf7e9d,TWIST
0fa80875-c547-4484-a2cc-dbd1b32cd482,TWIXT
32db72ac-1a04-4632-8688-07c57cb5a65e,TYING
d90ae63d-8e4c-4cf1-8121-308ff013604d,UDDER
81abd377-a1e4-45ff-b563-ccbcc2206074,ULCER
b7f4d7b7-def9-4387-8765-70186c531ae9,ULTRA
52e688b8-611e-4f30-a31b-3fb2940ca276,UMBRA
982fc30f-12fa-4258-a31b-673f5bfda6dc,UNCLE
c6ce0be6-b2b8-45fa-b16d-04d9bf4462e0,UNCUT
b098ed36-1f6e-46b1-a8a3-ee2b2916060c,UNDER
31a51b7a-d328-4232-a994-3d0c55035bb3,UNDID
f1c3dabf-e928-4371-adb6-c5bd67db52f1,UNDUE
41bedfe5-55db-4aed-80d5-26b245b0f3f9,UNFED
d94d7524-0d6e-41bb-8b6d-2d74b2e3fd73,UNFIT
516f52ac-1bd9-4369-bf18-dbcd99556b67,UNIFY
82bbe663-4ef0-47ba-b681-ac4efc8ceaf6,UNION
5a71e5ec-f719-48d9-ac38-4ed57bc065fa,UNITE
15e76514-9bfe-4a9c-9b38-daec40f6b6b2,UNITY
da6e612a-1d5d-48fe-95f9-499cfd9d9c59,UNLIT
ab2d5d54-ff20-4817-9f4a-1c57f5f79fce,UNMET
c66d1b1f-57f9-4983-a93e-4048afacd677,UNSET
07627366-3889-4c0e-9d9e-87a90fe0d7e1,UNTIE
b44c90a0-dbad-488b-a29b-3c529ae6a8cc,UNTIL
55bded06-08c0-4cb0-b73d-8cb7701ec9b3,UNWED
8d23e173-bfd2-4190-a622-fd30bbfe9e44,UNZIP
9eafab11-688a-49b7-90fa-03ede2403886,UPPER
d0eaab06-aa11-4f5b-b905-6cb27d7fe4fd,UPSET
5ea81e54-04a8-4e59-98eb-040292b26cd6,URBAN
ee332bcd-13d7-4090-bd28-b678dd0cf3e4,URINE
f32d7710-1647-4385-b86b-c3474633d700,USAGE
f2840533-016d-4c0e-971f-7ad4595728db,USHER
6bc94be1-6b76-4dc6-8b44-8190deb48372,USING
7dcdf2ab-245d-4c3d-8b80-3fe8cb7c6268,USUAL
6805f266-cdca-4923-854d-1eee212ea38c,USURP
9d2122c3-e35e-45bf-b49e-65d67678d5e4,UTILE
c8b56113-6b68-4078-abb6-a1cb1172f710,UTTER
117d5ad7-e58d-4634-ab2b-b331e4fc9e22,VAGUE
65c74fc8-08d3-4511-9102-5f3be66d99a3,VALET
bfb2730d-866a-4cc0-9f28-1f20c7a1dab6,VALID
f5483f24-3279-4577-9dce-a470dc0168f5,VALOR
7e17f928-5352-4c54-962b-3c5671069091,VALUE
b745b651-a089-4528-9c9c-33cd0889d0e9,VALVE
926d7f99-53c0-4960-84cb-e962b3c3018c,VAPID
971de05e-de7a-4a2e-9ccf-ab9efeba6aec,VAPOR
dbfc9a69-20a3-4728-8d50-e958947045d9,VAULT
4c06c739-9fbf-4fd9-bbce-79ed97de0455,VAUNT
e9772975-16ca-4854-abe8-6dc16e772741,VEGAN
45f67893-f71c-4514-92c6-30624b607168,VENOM
cc207ae4-1b4b-4dc4-8c3b-20d376b6e364,VENUE
c15b6d98-fca5-4f8c-b89c-70e79957360a,VERGE
562f4610-830f-4220-8530-5a4741083f63,VERSE
6387035b-ad4d-4054-a2a8-d571ecb166d5,VERSO
2170f4da-ecfd-4295-8688-7bfb23933517,VERVE
3d3168c8-9d5f-47f5-a5d0-d2273ae5defc,VICAR
f9e50ee5-e0bb-42af-bfcd-cfa5f7deabf5,VIDEO
8e76a19a-70da-4bf1-88bc-c213c77b3616,VIGIL
48652aef-5289-46e9-b0d6-6c9e4d220101,VIGOR
d3d23695-6d82-4b9f-92cb-a2cedc8b75d1,VILLA
e99a7ef9-5a5e-4e03-bb28-a6885687e754,VINYL
c8cc661c-d40a-4a14-af1c-25d1120c54c8,VIOLA
76fa3fcc-f11a-4219-a818-2735f93b75bb,VIPER
21a86184-5c7d-4fea-9cee-9a127b76a9c3,VIRAL
29cb5732-6c45-4329-8ac5-498a97d86bfd,VIRUS
f2fc495e-559b-44ab-90ad-23d086928457,VISIT
2fc861b9-c75e-4da3-8d54-1a97c5955ef5,VISOR
2673cb06-63dd-4632-bc29-7c9a14e010c8,VISTA
685f41f7-3b39-490b-9fac-483f507d6242,VITAL
27b73efb-d29d-4c2d-a82f-53d337882bf0,VIVID
c909dd9c-a5f8-4b47-a61f-0ff7212cdee8,VIXEN
b1287b68-e44d-47ab-b539-1a9ad7334549,VOCAL
6a2c8fa4-3328-4e3a-bd1d-38623328a49f,VODKA
22e5b81e-905d-410f-8012-a957df3aaf91,VOGUE
51e1249c-1758-4029-8597-ae5cf09a93d8,VOICE
7f4244d9-8770-45bf-9f6e-1e83a52ff874,VOILA
0ad3f941-eb9c-4c30-b77e-80ccc40274fc,VOMIT
67a3c0a7-424e-4c60-86c9-47c73d389d77,VOTER
831d31db-d151-4c6b-b075-af6dfa311767,VOUCH
55e04fdc-1898-4620-85e8-a4640a856dbd,VOWEL
92d84c61-052e-4db0-96f2-b4b6c09c55d5,VYING
0fc6288b-0671-4de4-8b88-5d179d34f4a2,WACKY
aaaa1192-86c3-4a67-bf3a-e8b9d0c76855,WAFER
f1f25044-5861-4564-9b10-31fec4bd0186,WAGER
c5377c70-29a8-4751-a37e-f4e40e896ae5,WAGON
883f9800-6f65-4bdf-8c46-8ddcaab74af4,WAIST
c1ba7b8a-ed36-428f-8ed6-5e0407fbfa4b,WAIVE
9420d1de-14ef-4af1-939a-0b5e8fc8ca10,WALTZ
09fa37a8-4739-495b-af8c-6e707f4059f1,WARTY
0221c567-1a84-46f1-bcf5-707babdd2d21,WASTE
88fe6197-3d7b-4edf-ab07-97577ccac428,WATCH
9ac40b44-58a8-42ba-a9e0-a12ba13ed944,WATER
77834ff2-f397-442e-9314-efe9561b3d91,WAVER
b6e266f3-1b90-4b8e-a681-bcc1288de001,WAXEN
34252e4f-d46e-49d0-9aaa-a50367c7dea2,WEARY
933cdfa2-66c2-4d96-9521-a87480d3abab,WEAVE
1177c424-69d4-479a-8d89-93c75fe6446e,WEDGE
b7e1de53-aae7-4079-a28f-0bd3e4038e78,WEEDY
b0765938-2a76-4700-b4f1-2e034bb1fbef,WEIGH
212d67b3-697c-471d-a315-25aa7e0d5574,WEIRD
55cb9392-9667-4b0e-a1b7-eb9786267f5e,WELCH
8155ed1f-3d11-4a36-bef6-a7aedf5f90cb,WELSH
e00f1519-2e74-4721-93ff-6fc401641013,WENCH
6e81fa35-d158-4d96-89e0-f2d66a3a3a51,WHACK
d2602023-cb00-49ca-8a01-27541c0052bc,WHALE
bb46b5fa-57d6-4a0a-aae4-0da39f40df94,WHARF
eadeb693-fc9d-4a7b-929a-e46c42ff92ce,WHEAT
28881693-49e8-408f-8043-379891c354fb,WHEEL
511e92ee-1d55-4fa7-9894-4568f8b1e0c5,WHELP
7e266df2-ecd8-4119-9dd0-471d62ba4ad0,WHERE
16b72002-d68f-4eb2-9122-d98179a7c2df,WHICH
0ce02e59-aaa8-4334-8dc2-7b8cebba23d9,WHIFF
99e3a1b2-4e2a-4ec2-a645-65d580eabf4e,WHILE
2977a539-7674-4b50-9605-c512f00e3d4c,WHINE
72215d72-3e37-4ef1-aaf4-fdb355336560,WHINY
a0e6b38f-796c-4766-98e9-eb577122cee1,WHIRL
75ed7b17-5719-498f-b5c9-0511729e4c26,WHISK
5a101b03-0a1e-4cc6-843f-be02d411fdd2,WHITE
1e0a293a-4f3f-4a45-af0a-9cd024f350d7,WHOLE
433bcb1c-3c2f-4d4c-9649-aca2b7b4abaa,WHOOP
160675bd-ba60-46e2-9f74-08aa9ddf2237,WHOSE
047bcd87-1eaa-4bfa-ad71-a497a47739aa,WIDEN
13b8ad7e-7184-4c30-a93d-0ec0c1c491a2,WIDER
13bf8171-021a-499d-b494-5f9162908895,WIDOW
9ca3e2f2-33a6-4972-b9c4-dd967f63f06d,WIDTH
e2d6d6da-3929-4f0f-801c-6ef922fd0be1,WIELD
17b71212-8808-4fbe-adba-334e940418b3,WIGHT
04c377bd-e2a2-475a-88cd-2e94a7b86762,WILLY
d2fb19b0-1234-4fec-8a7a-ef1ed3089461,WIMPY
a1a99f96-a563-421d-bdd4-7dfc310d28cf,WINCE
bdd565d7-5b11-45b7-986c-a40bfb114ada,WINCH
388f04f6-d3df-434f-8c0f-85ebf8b05323,WINDY
87de1cd0-589c-43a4-8e00-94c14a080375,WISER
64b7e114-cd10-441c-a2ae-1e5d2df3276b,WISPY
e2f72d96-e84a-4191-87dd-7cbb61a4796e,WITCH
43bdb15a-0bee-4703-aa4f-46f1b90fdc04,WITTY
fbc1dee4-0f7e-4c20-8099-14f2d4a7bf39,WOKEN
864652a0-d686-49d5-99fb-0527229de033,WOMAN
33a1bab0-b9ea-4383-8b53-05b15b4ee4dc,WOMEN
d98be8d8-9022-46cf-aad6-111de1275c48,WOODY
450fd503-64d2-4029-a192-a9fd3de12a98,WOOER
3bfb52ea-1c34-455b-a756-520fb35193ba,WOOLY
6541185d-063d-47fa-9896-b33053fc8677,WOOZY
306af82c-2f05-4a83-bb3a-6e7c017fb113,WORDY
f541db58-6d75-40cb-bac2-a295ef695aa4,WORLD
6bcb9809-26b9-4d05-af3b-60f3f4af1334,WORRY
0c092a1d-3696-49a4-84eb-5ca2b841f53d,WORSE
2d85ca7a-8e4c-408d-9162-dbc882e9932f,WORST
bad31178-af55-4074-a0e3-2772f18fba7e,WORTH
ddf02c1c-18be-435f-9c5a-4182083ffa2e,WOULD
4e5ea46c-f4c3-4864-8890-bb730f32a108,WOUND
708393f9-7b12-43f6-9de9-5d36e581572e,WOVEN
95c0f1cd-5208-4473-bbac-73b6d91b4541,WRACK
afb9edff-d721-4f24-b1a0-98592d586010,WRATH
2dee0ad1-d965-442c-9716-45ca2c99c2ad,WREAK
44ab6a0b-6e7f-4f99-b127-69387c34369f,WRECK
e39e7b70-8d0b-423e-a905-9567e024f5cf,WREST
6564de7d-c083-4629-b9e7-079d54430f84,WRING
d1128c1c-d8a1-4db8-8b3d-ee8d514b8264,WRIST
f49f3970-f8cc-4f07-b4bd-45950888f318,WRITE
7d53725b-f45f-4322-8dcf-b7194b45faef,WRONG
787462e0-110d-41f6-9991-1d6a0ce1ac80,WROTE
5d4fc4ab-edbd-4a7f-90e0-333a16cfbb95,WRUNG
a4111f81-d316-457a-a258-655ec7adf619,WRYLY
fe32c393-76bc-4f57-ae70-823166cb7bc6,YACHT
b774cc44-8007-4806-be20-28e024305330,YEARN
539e3c92-31c3-46fb-8ceb-d4f4f789a8bb,YEAST
ddd771cc-7b7b-403c-a0b0-7e2d554c330a,YIELD
20756e8f-a613-4b9a-9dbe-9660414758a4,YOUNG
a3974574-5356-4753-af94-d6a5ae633395,YOUTH
39e94c8e-18e3-40e6-957c-e3084867fded,ZEBRA
0e355d2e-aeae-42ee-a279-64d929e42d8e,ZESTY
8a162880-969a-4634-8f94-2e9eefe204bd,ZONAL